ayurveda_id,sanskrit_name,common_name,botanical_name,synonyms,ayurvedic_properties,traditional_uses,formulations,source_name
AY_001,Herbooph1,Traditional Remedy for Redness in Eyes 1,Botanicus redness_in_eyes var1,"Natural Redness in Eyes Relief, Desi Chikitsa 1","Rasa: Tikta, Katu; Guna: Laghu, Ruksha","Shamana for Redness in Eyes, Balya, Balancing ophthalmic doshas",Traditional Ophthalmic Formulation 1,Ayush Global Medicinal Plants Registry
AY_002,Herbooph2,Traditional Remedy for Redness in Eyes 2,Botanicus redness_in_eyes var2,"Natural Redness in Eyes Relief, Desi Chikitsa 2","Rasa: Tikta, Katu; Guna: Laghu, Ruksha","Shamana for Redness in Eyes, Balya, Balancing ophthalmic doshas",Traditional Ophthalmic Formulation 2,Ayush Global Medicinal Plants Registry
AY_003,Herbooph3,Traditional Remedy for Redness in Eyes 3,Botanicus redness_in_eyes var3,"Natural Redness in Eyes Relief, Desi Chikitsa 3","Rasa: Tikta, Katu; Guna: Laghu, Ruksha","Shamana for Redness in Eyes, Balya, Balancing ophthalmic doshas",Traditional Ophthalmic Formulation 3,Ayush Global Medicinal Plants Registry
AY_004,Herbooph4,Traditional Remedy for Redness in Eyes 4,Botanicus redness_in_eyes var4,"Natural Redness in Eyes Relief, Desi Chikitsa 4","Rasa: Tikta, Katu; Guna: Laghu, Ruksha","Shamana for Redness in Eyes, Balya, Balancing ophthalmic doshas",Traditional Ophthalmic Formulation 4,Ayush Global Medicinal Plants Registry
AY_005,Herbooph5,Traditional Remedy for Redness in Eyes 5,Botanicus redness_in_eyes var5,"Natural Redness in Eyes Relief, Desi Chikitsa 5","Rasa: Tikta, Katu; Guna: Laghu, Ruksha","Shamana for Redness in Eyes, Balya, Balancing ophthalmic doshas",Traditional Ophthalmic Formulation 5,Ayush Global Medicinal Plants Registry
AY_006,Herbooph6,Traditional Remedy for Redness in Eyes 6,Botanicus redness_in_eyes var6,"Natural Redness in Eyes Relief, Desi Chikitsa 6","Rasa: Tikta, Katu; Guna: Laghu, Ruksha","Shamana for Redness in Eyes, Balya, Balancing ophthalmic doshas",Traditional Ophthalmic Formulation 6,Ayush Global Medicinal Plants Registry
AY_007,Herbooph7,Traditional Remedy for Redness in Eyes 7,Botanicus redness_in_eyes var7,"Natural Redness in Eyes Relief, Desi Chikitsa 7","Rasa: Tikta, Katu; Guna: Laghu, Ruksha","Shamana for Redness in Eyes, Balya, Balancing ophthalmic doshas",Traditional Ophthalmic Formulation 7,Ayush Global Medicinal Plants Registry
AY_008,Herbooph1,Traditional Remedy for Itchy Eyes 1,Botanicus itchy_eyes var1,"Natural Itchy Eyes Relief, Desi Chikitsa 1","Rasa: Tikta, Katu; Guna: Laghu, Ruksha","Shamana for Itchy Eyes, Balya, Balancing ophthalmic doshas",Traditional Ophthalmic Formulation 1,Ayush Global Medicinal Plants Registry
AY_009,Herbooph2,Traditional Remedy for Itchy Eyes 2,Botanicus itchy_eyes var2,"Natural Itchy Eyes Relief, Desi Chikitsa 2","Rasa: Tikta, Katu; Guna: Laghu, Ruksha","Shamana for Itchy Eyes, Balya, Balancing ophthalmic doshas",Traditional Ophthalmic Formulation 2,Ayush Global Medicinal Plants Registry
AY_010,Herbooph3,Traditional Remedy for Itchy Eyes 3,Botanicus itchy_eyes var3,"Natural Itchy Eyes Relief, Desi Chikitsa 3","Rasa: Tikta, Katu; Guna: Laghu, Ruksha","Shamana for Itchy Eyes, Balya, Balancing ophthalmic doshas",Traditional Ophthalmic Formulation 3,Ayush Global Medicinal Plants Registry
AY_011,Herbooph4,Traditional Remedy for Itchy Eyes 4,Botanicus itchy_eyes var4,"Natural Itchy Eyes Relief, Desi Chikitsa 4","Rasa: Tikta, Katu; Guna: Laghu, Ruksha","Shamana for Itchy Eyes, Balya, Balancing ophthalmic doshas",Traditional Ophthalmic Formulation 4,Ayush Global Medicinal Plants Registry
AY_012,Herbooph5,Traditional Remedy for Itchy Eyes 5,Botanicus itchy_eyes var5,"Natural Itchy Eyes Relief, Desi Chikitsa 5","Rasa: Tikta, Katu; Guna: Laghu, Ruksha","Shamana for Itchy Eyes, Balya, Balancing ophthalmic doshas",Traditional Ophthalmic Formulation 5,Ayush Global Medicinal Plants Registry
AY_013,Herbooph6,Traditional Remedy for Itchy Eyes 6,Botanicus itchy_eyes var6,"Natural Itchy Eyes Relief, Desi Chikitsa 6","Rasa: Tikta, Katu; Guna: Laghu, Ruksha","Shamana for Itchy Eyes, Balya, Balancing ophthalmic doshas",Traditional Ophthalmic Formulation 6,Ayush Global Medicinal Plants Registry
AY_014,Herbooph7,Traditional Remedy for Itchy Eyes 7,Botanicus itchy_eyes var7,"Natural Itchy Eyes Relief, Desi Chikitsa 7","Rasa: Tikta, Katu; Guna: Laghu, Ruksha","Shamana for Itchy Eyes, Balya, Balancing ophthalmic doshas",Traditional Ophthalmic Formulation 7,Ayush Global Medicinal Plants Registry
AY_015,Herbooph1,Traditional Remedy for Dry Eyes 1,Botanicus dry_eyes var1,"Natural Dry Eyes Relief, Desi Chikitsa 1","Rasa: Tikta, Katu; Guna: Laghu, Ruksha","Shamana for Dry Eyes, Balya, Balancing ophthalmic doshas",Traditional Ophthalmic Formulation 1,Ayush Global Medicinal Plants Registry
AY_016,Herbooph2,Traditional Remedy for Dry Eyes 2,Botanicus dry_eyes var2,"Natural Dry Eyes Relief, Desi Chikitsa 2","Rasa: Tikta, Katu; Guna: Laghu, Ruksha","Shamana for Dry Eyes, Balya, Balancing ophthalmic doshas",Traditional Ophthalmic Formulation 2,Ayush Global Medicinal Plants Registry
AY_017,Herbooph3,Traditional Remedy for Dry Eyes 3,Botanicus dry_eyes var3,"Natural Dry Eyes Relief, Desi Chikitsa 3","Rasa: Tikta, Katu; Guna: Laghu, Ruksha","Shamana for Dry Eyes, Balya, Balancing ophthalmic doshas",Traditional Ophthalmic Formulation 3,Ayush Global Medicinal Plants Registry
AY_018,Herbooph4,Traditional Remedy for Dry Eyes 4,Botanicus dry_eyes var4,"Natural Dry Eyes Relief, Desi Chikitsa 4","Rasa: Tikta, Katu; Guna: Laghu, Ruksha","Shamana for Dry Eyes, Balya, Balancing ophthalmic doshas",Traditional Ophthalmic Formulation 4,Ayush Global Medicinal Plants Registry
AY_019,Herbooph5,Traditional Remedy for Dry Eyes 5,Botanicus dry_eyes var5,"Natural Dry Eyes Relief, Desi Chikitsa 5","Rasa: Tikta, Katu; Guna: Laghu, Ruksha","Shamana for Dry Eyes, Balya, Balancing ophthalmic doshas",Traditional Ophthalmic Formulation 5,Ayush Global Medicinal Plants Registry
AY_020,Herbooph6,Traditional Remedy for Dry Eyes 6,Botanicus dry_eyes var6,"Natural Dry Eyes Relief, Desi Chikitsa 6","Rasa: Tikta, Katu; Guna: Laghu, Ruksha","Shamana for Dry Eyes, Balya, Balancing ophthalmic doshas",Traditional Ophthalmic Formulation 6,Ayush Global Medicinal Plants Registry
AY_021,Herbooph7,Traditional Remedy for Dry Eyes 7,Botanicus dry_eyes var7,"Natural Dry Eyes Relief, Desi Chikitsa 7","Rasa: Tikta, Katu; Guna: Laghu, Ruksha","Shamana for Dry Eyes, Balya, Balancing ophthalmic doshas",Traditional Ophthalmic Formulation 7,Ayush Global Medicinal Plants Registry
AY_022,Herbooph1,Traditional Remedy for Eye Strain 1,Botanicus eye_strain var1,"Natural Eye Strain Relief, Desi Chikitsa 1","Rasa: Tikta, Katu; Guna: Laghu, Ruksha","Shamana for Eye Strain, Balya, Balancing ophthalmic doshas",Traditional Ophthalmic Formulation 1,Ayush Global Medicinal Plants Registry
AY_023,Herbooph2,Traditional Remedy for Eye Strain 2,Botanicus eye_strain var2,"Natural Eye Strain Relief, Desi Chikitsa 2","Rasa: Tikta, Katu; Guna: Laghu, Ruksha","Shamana for Eye Strain, Balya, Balancing ophthalmic doshas",Traditional Ophthalmic Formulation 2,Ayush Global Medicinal Plants Registry
AY_024,Herbooph3,Traditional Remedy for Eye Strain 3,Botanicus eye_strain var3,"Natural Eye Strain Relief, Desi Chikitsa 3","Rasa: Tikta, Katu; Guna: Laghu, Ruksha","Shamana for Eye Strain, Balya, Balancing ophthalmic doshas",Traditional Ophthalmic Formulation 3,Ayush Global Medicinal Plants Registry
AY_025,Herbooph4,Traditional Remedy for Eye Strain 4,Botanicus eye_strain var4,"Natural Eye Strain Relief, Desi Chikitsa 4","Rasa: Tikta, Katu; Guna: Laghu, Ruksha","Shamana for Eye Strain, Balya, Balancing ophthalmic doshas",Traditional Ophthalmic Formulation 4,Ayush Global Medicinal Plants Registry
AY_026,Herbooph5,Traditional Remedy for Eye Strain 5,Botanicus eye_strain var5,"Natural Eye Strain Relief, Desi Chikitsa 5","Rasa: Tikta, Katu; Guna: Laghu, Ruksha","Shamana for Eye Strain, Balya, Balancing ophthalmic doshas",Traditional Ophthalmic Formulation 5,Ayush Global Medicinal Plants Registry
AY_027,Herbooph6,Traditional Remedy for Eye Strain 6,Botanicus eye_strain var6,"Natural Eye Strain Relief, Desi Chikitsa 6","Rasa: Tikta, Katu; Guna: Laghu, Ruksha","Shamana for Eye Strain, Balya, Balancing ophthalmic doshas",Traditional Ophthalmic Formulation 6,Ayush Global Medicinal Plants Registry
AY_028,Herbooph7,Traditional Remedy for Eye Strain 7,Botanicus eye_strain var7,"Natural Eye Strain Relief, Desi Chikitsa 7","Rasa: Tikta, Katu; Guna: Laghu, Ruksha","Shamana for Eye Strain, Balya, Balancing ophthalmic doshas",Traditional Ophthalmic Formulation 7,Ayush Global Medicinal Plants Registry
AY_029,Herbooph1,Traditional Remedy for Blurred Vision 1,Botanicus blurred_vision var1,"Natural Blurred Vision Relief, Desi Chikitsa 1","Rasa: Tikta, Katu; Guna: Laghu, Ruksha","Shamana for Blurred Vision, Balya, Balancing ophthalmic doshas",Traditional Ophthalmic Formulation 1,Ayush Global Medicinal Plants Registry
AY_030,Herbooph2,Traditional Remedy for Blurred Vision 2,Botanicus blurred_vision var2,"Natural Blurred Vision Relief, Desi Chikitsa 2","Rasa: Tikta, Katu; Guna: Laghu, Ruksha","Shamana for Blurred Vision, Balya, Balancing ophthalmic doshas",Traditional Ophthalmic Formulation 2,Ayush Global Medicinal Plants Registry
AY_031,Herbooph3,Traditional Remedy for Blurred Vision 3,Botanicus blurred_vision var3,"Natural Blurred Vision Relief, Desi Chikitsa 3","Rasa: Tikta, Katu; Guna: Laghu, Ruksha","Shamana for Blurred Vision, Balya, Balancing ophthalmic doshas",Traditional Ophthalmic Formulation 3,Ayush Global Medicinal Plants Registry
AY_032,Herbooph4,Traditional Remedy for Blurred Vision 4,Botanicus blurred_vision var4,"Natural Blurred Vision Relief, Desi Chikitsa 4","Rasa: Tikta, Katu; Guna: Laghu, Ruksha","Shamana for Blurred Vision, Balya, Balancing ophthalmic doshas",Traditional Ophthalmic Formulation 4,Ayush Global Medicinal Plants Registry
AY_033,Herbooph5,Traditional Remedy for Blurred Vision 5,Botanicus blurred_vision var5,"Natural Blurred Vision Relief, Desi Chikitsa 5","Rasa: Tikta, Katu; Guna: Laghu, Ruksha","Shamana for Blurred Vision, Balya, Balancing ophthalmic doshas",Traditional Ophthalmic Formulation 5,Ayush Global Medicinal Plants Registry
AY_034,Herbooph6,Traditional Remedy for Blurred Vision 6,Botanicus blurred_vision var6,"Natural Blurred Vision Relief, Desi Chikitsa 6","Rasa: Tikta, Katu; Guna: Laghu, Ruksha","Shamana for Blurred Vision, Balya, Balancing ophthalmic doshas",Traditional Ophthalmic Formulation 6,Ayush Global Medicinal Plants Registry
AY_035,Herbooph7,Traditional Remedy for Blurred Vision 7,Botanicus blurred_vision var7,"Natural Blurred Vision Relief, Desi Chikitsa 7","Rasa: Tikta, Katu; Guna: Laghu, Ruksha","Shamana for Blurred Vision, Balya, Balancing ophthalmic doshas",Traditional Ophthalmic Formulation 7,Ayush Global Medicinal Plants Registry
AY_036,Herbooph1,Traditional Remedy for Watery Eyes 1,Botanicus watery_eyes var1,"Natural Watery Eyes Relief, Desi Chikitsa 1","Rasa: Tikta, Katu; Guna: Laghu, Ruksha","Shamana for Watery Eyes, Balya, Balancing ophthalmic doshas",Traditional Ophthalmic Formulation 1,Ayush Global Medicinal Plants Registry
AY_037,Herbooph2,Traditional Remedy for Watery Eyes 2,Botanicus watery_eyes var2,"Natural Watery Eyes Relief, Desi Chikitsa 2","Rasa: Tikta, Katu; Guna: Laghu, Ruksha","Shamana for Watery Eyes, Balya, Balancing ophthalmic doshas",Traditional Ophthalmic Formulation 2,Ayush Global Medicinal Plants Registry
AY_038,Herbooph3,Traditional Remedy for Watery Eyes 3,Botanicus watery_eyes var3,"Natural Watery Eyes Relief, Desi Chikitsa 3","Rasa: Tikta, Katu; Guna: Laghu, Ruksha","Shamana for Watery Eyes, Balya, Balancing ophthalmic doshas",Traditional Ophthalmic Formulation 3,Ayush Global Medicinal Plants Registry
AY_039,Herbooph4,Traditional Remedy for Watery Eyes 4,Botanicus watery_eyes var4,"Natural Watery Eyes Relief, Desi Chikitsa 4","Rasa: Tikta, Katu; Guna: Laghu, Ruksha","Shamana for Watery Eyes, Balya, Balancing ophthalmic doshas",Traditional Ophthalmic Formulation 4,Ayush Global Medicinal Plants Registry
AY_040,Herbooph5,Traditional Remedy for Watery Eyes 5,Botanicus watery_eyes var5,"Natural Watery Eyes Relief, Desi Chikitsa 5","Rasa: Tikta, Katu; Guna: Laghu, Ruksha","Shamana for Watery Eyes, Balya, Balancing ophthalmic doshas",Traditional Ophthalmic Formulation 5,Ayush Global Medicinal Plants Registry
AY_041,Herbooph6,Traditional Remedy for Watery Eyes 6,Botanicus watery_eyes var6,"Natural Watery Eyes Relief, Desi Chikitsa 6","Rasa: Tikta, Katu; Guna: Laghu, Ruksha","Shamana for Watery Eyes, Balya, Balancing ophthalmic doshas",Traditional Ophthalmic Formulation 6,Ayush Global Medicinal Plants Registry
AY_042,Herbooph7,Traditional Remedy for Watery Eyes 7,Botanicus watery_eyes var7,"Natural Watery Eyes Relief, Desi Chikitsa 7","Rasa: Tikta, Katu; Guna: Laghu, Ruksha","Shamana for Watery Eyes, Balya, Balancing ophthalmic doshas",Traditional Ophthalmic Formulation 7,Ayush Global Medicinal Plants Registry
AY_043,Herbooph1,Traditional Remedy for Eye Irritation 1,Botanicus eye_irritation var1,"Natural Eye Irritation Relief, Desi Chikitsa 1","Rasa: Tikta, Katu; Guna: Laghu, Ruksha","Shamana for Eye Irritation, Balya, Balancing ophthalmic doshas",Traditional Ophthalmic Formulation 1,Ayush Global Medicinal Plants Registry
AY_044,Herbooph2,Traditional Remedy for Eye Irritation 2,Botanicus eye_irritation var2,"Natural Eye Irritation Relief, Desi Chikitsa 2","Rasa: Tikta, Katu; Guna: Laghu, Ruksha","Shamana for Eye Irritation, Balya, Balancing ophthalmic doshas",Traditional Ophthalmic Formulation 2,Ayush Global Medicinal Plants Registry
AY_045,Herbooph3,Traditional Remedy for Eye Irritation 3,Botanicus eye_irritation var3,"Natural Eye Irritation Relief, Desi Chikitsa 3","Rasa: Tikta, Katu; Guna: Laghu, Ruksha","Shamana for Eye Irritation, Balya, Balancing ophthalmic doshas",Traditional Ophthalmic Formulation 3,Ayush Global Medicinal Plants Registry
AY_046,Herbooph4,Traditional Remedy for Eye Irritation 4,Botanicus eye_irritation var4,"Natural Eye Irritation Relief, Desi Chikitsa 4","Rasa: Tikta, Katu; Guna: Laghu, Ruksha","Shamana for Eye Irritation, Balya, Balancing ophthalmic doshas",Traditional Ophthalmic Formulation 4,Ayush Global Medicinal Plants Registry
AY_047,Herbooph5,Traditional Remedy for Eye Irritation 5,Botanicus eye_irritation var5,"Natural Eye Irritation Relief, Desi Chikitsa 5","Rasa: Tikta, Katu; Guna: Laghu, Ruksha","Shamana for Eye Irritation, Balya, Balancing ophthalmic doshas",Traditional Ophthalmic Formulation 5,Ayush Global Medicinal Plants Registry
AY_048,Herbooph6,Traditional Remedy for Eye Irritation 6,Botanicus eye_irritation var6,"Natural Eye Irritation Relief, Desi Chikitsa 6","Rasa: Tikta, Katu; Guna: Laghu, Ruksha","Shamana for Eye Irritation, Balya, Balancing ophthalmic doshas",Traditional Ophthalmic Formulation 6,Ayush Global Medicinal Plants Registry
AY_049,Herbooph7,Traditional Remedy for Eye Irritation 7,Botanicus eye_irritation var7,"Natural Eye Irritation Relief, Desi Chikitsa 7","Rasa: Tikta, Katu; Guna: Laghu, Ruksha","Shamana for Eye Irritation, Balya, Balancing ophthalmic doshas",Traditional Ophthalmic Formulation 7,Ayush Global Medicinal Plants Registry
AY_050,Herbooph1,Traditional Remedy for Eye Fatigue 1,Botanicus eye_fatigue var1,"Natural Eye Fatigue Relief, Desi Chikitsa 1","Rasa: Tikta, Katu; Guna: Laghu, Ruksha","Shamana for Eye Fatigue, Balya, Balancing ophthalmic doshas",Traditional Ophthalmic Formulation 1,Ayush Global Medicinal Plants Registry
AY_051,Herbooph2,Traditional Remedy for Eye Fatigue 2,Botanicus eye_fatigue var2,"Natural Eye Fatigue Relief, Desi Chikitsa 2","Rasa: Tikta, Katu; Guna: Laghu, Ruksha","Shamana for Eye Fatigue, Balya, Balancing ophthalmic doshas",Traditional Ophthalmic Formulation 2,Ayush Global Medicinal Plants Registry
AY_052,Herbooph3,Traditional Remedy for Eye Fatigue 3,Botanicus eye_fatigue var3,"Natural Eye Fatigue Relief, Desi Chikitsa 3","Rasa: Tikta, Katu; Guna: Laghu, Ruksha","Shamana for Eye Fatigue, Balya, Balancing ophthalmic doshas",Traditional Ophthalmic Formulation 3,Ayush Global Medicinal Plants Registry
AY_053,Herbooph4,Traditional Remedy for Eye Fatigue 4,Botanicus eye_fatigue var4,"Natural Eye Fatigue Relief, Desi Chikitsa 4","Rasa: Tikta, Katu; Guna: Laghu, Ruksha","Shamana for Eye Fatigue, Balya, Balancing ophthalmic doshas",Traditional Ophthalmic Formulation 4,Ayush Global Medicinal Plants Registry
AY_054,Herbooph5,Traditional Remedy for Eye Fatigue 5,Botanicus eye_fatigue var5,"Natural Eye Fatigue Relief, Desi Chikitsa 5","Rasa: Tikta, Katu; Guna: Laghu, Ruksha","Shamana for Eye Fatigue, Balya, Balancing ophthalmic doshas",Traditional Ophthalmic Formulation 5,Ayush Global Medicinal Plants Registry
AY_055,Herbooph6,Traditional Remedy for Eye Fatigue 6,Botanicus eye_fatigue var6,"Natural Eye Fatigue Relief, Desi Chikitsa 6","Rasa: Tikta, Katu; Guna: Laghu, Ruksha","Shamana for Eye Fatigue, Balya, Balancing ophthalmic doshas",Traditional Ophthalmic Formulation 6,Ayush Global Medicinal Plants Registry
AY_056,Herbooph7,Traditional Remedy for Eye Fatigue 7,Botanicus eye_fatigue var7,"Natural Eye Fatigue Relief, Desi Chikitsa 7","Rasa: Tikta, Katu; Guna: Laghu, Ruksha","Shamana for Eye Fatigue, Balya, Balancing ophthalmic doshas",Traditional Ophthalmic Formulation 7,Ayush Global Medicinal Plants Registry
AY_057,Herboden1,Traditional Remedy for Swelling in Gums 1,Botanicus swelling_in_gums var1,"Natural Swelling in Gums Relief, Desi Chikitsa 1","Rasa: Tikta, Katu; Guna: Laghu, Ruksha","Shamana for Swelling in Gums, Balya, Balancing dental doshas",Traditional Dental Formulation 1,Ayush Global Medicinal Plants Registry
AY_058,Herboden2,Traditional Remedy for Swelling in Gums 2,Botanicus swelling_in_gums var2,"Natural Swelling in Gums Relief, Desi Chikitsa 2","Rasa: Tikta, Katu; Guna: Laghu, Ruksha","Shamana for Swelling in Gums, Balya, Balancing dental doshas",Traditional Dental Formulation 2,Ayush Global Medicinal Plants Registry
AY_059,Herboden3,Traditional Remedy for Swelling in Gums 3,Botanicus swelling_in_gums var3,"Natural Swelling in Gums Relief, Desi Chikitsa 3","Rasa: Tikta, Katu; Guna: Laghu, Ruksha","Shamana for Swelling in Gums, Balya, Balancing dental doshas",Traditional Dental Formulation 3,Ayush Global Medicinal Plants Registry
AY_060,Herboden4,Traditional Remedy for Swelling in Gums 4,Botanicus swelling_in_gums var4,"Natural Swelling in Gums Relief, Desi Chikitsa 4","Rasa: Tikta, Katu; Guna: Laghu, Ruksha","Shamana for Swelling in Gums, Balya, Balancing dental doshas",Traditional Dental Formulation 4,Ayush Global Medicinal Plants Registry
AY_061,Herboden5,Traditional Remedy for Swelling in Gums 5,Botanicus swelling_in_gums var5,"Natural Swelling in Gums Relief, Desi Chikitsa 5","Rasa: Tikta, Katu; Guna: Laghu, Ruksha","Shamana for Swelling in Gums, Balya, Balancing dental doshas",Traditional Dental Formulation 5,Ayush Global Medicinal Plants Registry
AY_062,Herboden6,Traditional Remedy for Swelling in Gums 6,Botanicus swelling_in_gums var6,"Natural Swelling in Gums Relief, Desi Chikitsa 6","Rasa: Tikta, Katu; Guna: Laghu, Ruksha","Shamana for Swelling in Gums, Balya, Balancing dental doshas",Traditional Dental Formulation 6,Ayush Global Medicinal Plants Registry
AY_063,Herboden7,Traditional Remedy for Swelling in Gums 7,Botanicus swelling_in_gums var7,"Natural Swelling in Gums Relief, Desi Chikitsa 7","Rasa: Tikta, Katu; Guna: Laghu, Ruksha","Shamana for Swelling in Gums, Balya, Balancing dental doshas",Traditional Dental Formulation 7,Ayush Global Medicinal Plants Registry
AY_064,Herboden1,Traditional Remedy for Toothache 1,Botanicus toothache var1,"Natural Toothache Relief, Desi Chikitsa 1","Rasa: Tikta, Katu; Guna: Laghu, Ruksha","Shamana for Toothache, Balya, Balancing dental doshas",Traditional Dental Formulation 1,Ayush Global Medicinal Plants Registry
AY_065,Herboden2,Traditional Remedy for Toothache 2,Botanicus toothache var2,"Natural Toothache Relief, Desi Chikitsa 2","Rasa: Tikta, Katu; Guna: Laghu, Ruksha","Shamana for Toothache, Balya, Balancing dental doshas",Traditional Dental Formulation 2,Ayush Global Medicinal Plants Registry
AY_066,Herboden3,Traditional Remedy for Toothache 3,Botanicus toothache var3,"Natural Toothache Relief, Desi Chikitsa 3","Rasa: Tikta, Katu; Guna: Laghu, Ruksha","Shamana for Toothache, Balya, Balancing dental doshas",Traditional Dental Formulation 3,Ayush Global Medicinal Plants Registry
AY_067,Herboden4,Traditional Remedy for Toothache 4,Botanicus toothache var4,"Natural Toothache Relief, Desi Chikitsa 4","Rasa: Tikta, Katu; Guna: Laghu, Ruksha","Shamana for Toothache, Balya, Balancing dental doshas",Traditional Dental Formulation 4,Ayush Global Medicinal Plants Registry
AY_068,Herboden5,Traditional Remedy for Toothache 5,Botanicus toothache var5,"Natural Toothache Relief, Desi Chikitsa 5","Rasa: Tikta, Katu; Guna: Laghu, Ruksha","Shamana for Toothache, Balya, Balancing dental doshas",Traditional Dental Formulation 5,Ayush Global Medicinal Plants Registry
AY_069,Herboden6,Traditional Remedy for Toothache 6,Botanicus toothache var6,"Natural Toothache Relief, Desi Chikitsa 6","Rasa: Tikta, Katu; Guna: Laghu, Ruksha","Shamana for Toothache, Balya, Balancing dental doshas",Traditional Dental Formulation 6,Ayush Global Medicinal Plants Registry
AY_070,Herboden7,Traditional Remedy for Toothache 7,Botanicus toothache var7,"Natural Toothache Relief, Desi Chikitsa 7","Rasa: Tikta, Katu; Guna: Laghu, Ruksha","Shamana for Toothache, Balya, Balancing dental doshas",Traditional Dental Formulation 7,Ayush Global Medicinal Plants Registry
AY_071,Herboden1,Traditional Remedy for Bleeding Gums 1,Botanicus bleeding_gums var1,"Natural Bleeding Gums Relief, Desi Chikitsa 1","Rasa: Tikta, Katu; Guna: Laghu, Ruksha","Shamana for Bleeding Gums, Balya, Balancing dental doshas",Traditional Dental Formulation 1,Ayush Global Medicinal Plants Registry
AY_072,Herboden2,Traditional Remedy for Bleeding Gums 2,Botanicus bleeding_gums var2,"Natural Bleeding Gums Relief, Desi Chikitsa 2","Rasa: Tikta, Katu; Guna: Laghu, Ruksha","Shamana for Bleeding Gums, Balya, Balancing dental doshas",Traditional Dental Formulation 2,Ayush Global Medicinal Plants Registry
AY_073,Herboden3,Traditional Remedy for Bleeding Gums 3,Botanicus bleeding_gums var3,"Natural Bleeding Gums Relief, Desi Chikitsa 3","Rasa: Tikta, Katu; Guna: Laghu, Ruksha","Shamana for Bleeding Gums, Balya, Balancing dental doshas",Traditional Dental Formulation 3,Ayush Global Medicinal Plants Registry
AY_074,Herboden4,Traditional Remedy for Bleeding Gums 4,Botanicus bleeding_gums var4,"Natural Bleeding Gums Relief, Desi Chikitsa 4","Rasa: Tikta, Katu; Guna: Laghu, Ruksha","Shamana for Bleeding Gums, Balya, Balancing dental doshas",Traditional Dental Formulation 4,Ayush Global Medicinal Plants Registry
AY_075,Herboden5,Traditional Remedy for Bleeding Gums 5,Botanicus bleeding_gums var5,"Natural Bleeding Gums Relief, Desi Chikitsa 5","Rasa: Tikta, Katu; Guna: Laghu, Ruksha","Shamana for Bleeding Gums, Balya, Balancing dental doshas",Traditional Dental Formulation 5,Ayush Global Medicinal Plants Registry
AY_076,Herboden6,Traditional Remedy for Bleeding Gums 6,Botanicus bleeding_gums var6,"Natural Bleeding Gums Relief, Desi Chikitsa 6","Rasa: Tikta, Katu; Guna: Laghu, Ruksha","Shamana for Bleeding Gums, Balya, Balancing dental doshas",Traditional Dental Formulation 6,Ayush Global Medicinal Plants Registry
AY_077,Herboden7,Traditional Remedy for Bleeding Gums 7,Botanicus bleeding_gums var7,"Natural Bleeding Gums Relief, Desi Chikitsa 7","Rasa: Tikta, Katu; Guna: Laghu, Ruksha","Shamana for Bleeding Gums, Balya, Balancing dental doshas",Traditional Dental Formulation 7,Ayush Global Medicinal Plants Registry
AY_078,Herboden1,Traditional Remedy for Mouth Ulcers 1,Botanicus mouth_ulcers var1,"Natural Mouth Ulcers Relief, Desi Chikitsa 1","Rasa: Tikta, Katu; Guna: Laghu, Ruksha","Shamana for Mouth Ulcers, Balya, Balancing dental doshas",Traditional Dental Formulation 1,Ayush Global Medicinal Plants Registry
AY_079,Herboden2,Traditional Remedy for Mouth Ulcers 2,Botanicus mouth_ulcers var2,"Natural Mouth Ulcers Relief, Desi Chikitsa 2","Rasa: Tikta, Katu; Guna: Laghu, Ruksha","Shamana for Mouth Ulcers, Balya, Balancing dental doshas",Traditional Dental Formulation 2,Ayush Global Medicinal Plants Registry
AY_080,Herboden3,Traditional Remedy for Mouth Ulcers 3,Botanicus mouth_ulcers var3,"Natural Mouth Ulcers Relief, Desi Chikitsa 3","Rasa: Tikta, Katu; Guna: Laghu, Ruksha","Shamana for Mouth Ulcers, Balya, Balancing dental doshas",Traditional Dental Formulation 3,Ayush Global Medicinal Plants Registry
AY_081,Herboden4,Traditional Remedy for Mouth Ulcers 4,Botanicus mouth_ulcers var4,"Natural Mouth Ulcers Relief, Desi Chikitsa 4","Rasa: Tikta, Katu; Guna: Laghu, Ruksha","Shamana for Mouth Ulcers, Balya, Balancing dental doshas",Traditional Dental Formulation 4,Ayush Global Medicinal Plants Registry
AY_082,Herboden5,Traditional Remedy for Mouth Ulcers 5,Botanicus mouth_ulcers var5,"Natural Mouth Ulcers Relief, Desi Chikitsa 5","Rasa: Tikta, Katu; Guna: Laghu, Ruksha","Shamana for Mouth Ulcers, Balya, Balancing dental doshas",Traditional Dental Formulation 5,Ayush Global Medicinal Plants Registry
AY_083,Herboden6,Traditional Remedy for Mouth Ulcers 6,Botanicus mouth_ulcers var6,"Natural Mouth Ulcers Relief, Desi Chikitsa 6","Rasa: Tikta, Katu; Guna: Laghu, Ruksha","Shamana for Mouth Ulcers, Balya, Balancing dental doshas",Traditional Dental Formulation 6,Ayush Global Medicinal Plants Registry
AY_084,Herboden7,Traditional Remedy for Mouth Ulcers 7,Botanicus mouth_ulcers var7,"Natural Mouth Ulcers Relief, Desi Chikitsa 7","Rasa: Tikta, Katu; Guna: Laghu, Ruksha","Shamana for Mouth Ulcers, Balya, Balancing dental doshas",Traditional Dental Formulation 7,Ayush Global Medicinal Plants Registry
AY_085,Herboden1,Traditional Remedy for Sensitive Teeth 1,Botanicus sensitive_teeth var1,"Natural Sensitive Teeth Relief, Desi Chikitsa 1","Rasa: Tikta, Katu; Guna: Laghu, Ruksha","Shamana for Sensitive Teeth, Balya, Balancing dental doshas",Traditional Dental Formulation 1,Ayush Global Medicinal Plants Registry
AY_086,Herboden2,Traditional Remedy for Sensitive Teeth 2,Botanicus sensitive_teeth var2,"Natural Sensitive Teeth Relief, Desi Chikitsa 2","Rasa: Tikta, Katu; Guna: Laghu, Ruksha","Shamana for Sensitive Teeth, Balya, Balancing dental doshas",Traditional Dental Formulation 2,Ayush Global Medicinal Plants Registry
AY_087,Herboden3,Traditional Remedy for Sensitive Teeth 3,Botanicus sensitive_teeth var3,"Natural Sensitive Teeth Relief, Desi Chikitsa 3","Rasa: Tikta, Katu; Guna: Laghu, Ruksha","Shamana for Sensitive Teeth, Balya, Balancing dental doshas",Traditional Dental Formulation 3,Ayush Global Medicinal Plants Registry
AY_088,Herboden4,Traditional Remedy for Sensitive Teeth 4,Botanicus sensitive_teeth var4,"Natural Sensitive Teeth Relief, Desi Chikitsa 4","Rasa: Tikta, Katu; Guna: Laghu, Ruksha","Shamana for Sensitive Teeth, Balya, Balancing dental doshas",Traditional Dental Formulation 4,Ayush Global Medicinal Plants Registry
AY_089,Herboden5,Traditional Remedy for Sensitive Teeth 5,Botanicus sensitive_teeth var5,"Natural Sensitive Teeth Relief, Desi Chikitsa 5","Rasa: Tikta, Katu; Guna: Laghu, Ruksha","Shamana for Sensitive Teeth, Balya, Balancing dental doshas",Traditional Dental Formulation 5,Ayush Global Medicinal Plants Registry
AY_090,Herboden6,Traditional Remedy for Sensitive Teeth 6,Botanicus sensitive_teeth var6,"Natural Sensitive Teeth Relief, Desi Chikitsa 6","Rasa: Tikta, Katu; Guna: Laghu, Ruksha","Shamana for Sensitive Teeth, Balya, Balancing dental doshas",Traditional Dental Formulation 6,Ayush Global Medicinal Plants Registry
AY_091,Herboden7,Traditional Remedy for Sensitive Teeth 7,Botanicus sensitive_teeth var7,"Natural Sensitive Teeth Relief, Desi Chikitsa 7","Rasa: Tikta, Katu; Guna: Laghu, Ruksha","Shamana for Sensitive Teeth, Balya, Balancing dental doshas",Traditional Dental Formulation 7,Ayush Global Medicinal Plants Registry
AY_092,Herboden1,Traditional Remedy for Plaque 1,Botanicus plaque var1,"Natural Plaque Relief, Desi Chikitsa 1","Rasa: Tikta, Katu; Guna: Laghu, Ruksha","Shamana for Plaque, Balya, Balancing dental doshas",Traditional Dental Formulation 1,Ayush Global Medicinal Plants Registry
AY_093,Herboden2,Traditional Remedy for Plaque 2,Botanicus plaque var2,"Natural Plaque Relief, Desi Chikitsa 2","Rasa: Tikta, Katu; Guna: Laghu, Ruksha","Shamana for Plaque, Balya, Balancing dental doshas",Traditional Dental Formulation 2,Ayush Global Medicinal Plants Registry
AY_094,Herboden3,Traditional Remedy for Plaque 3,Botanicus plaque var3,"Natural Plaque Relief, Desi Chikitsa 3","Rasa: Tikta, Katu; Guna: Laghu, Ruksha","Shamana for Plaque, Balya, Balancing dental doshas",Traditional Dental Formulation 3,Ayush Global Medicinal Plants Registry
AY_095,Herboden4,Traditional Remedy for Plaque 4,Botanicus plaque var4,"Natural Plaque Relief, Desi Chikitsa 4","Rasa: Tikta, Katu; Guna: Laghu, Ruksha","Shamana for Plaque, Balya, Balancing dental doshas",Traditional Dental Formulation 4,Ayush Global Medicinal Plants Registry
AY_096,Herboden5,Traditional Remedy for Plaque 5,Botanicus plaque var5,"Natural Plaque Relief, Desi Chikitsa 5","Rasa: Tikta, Katu; Guna: Laghu, Ruksha","Shamana for Plaque, Balya, Balancing dental doshas",Traditional Dental Formulation 5,Ayush Global Medicinal Plants Registry
AY_097,Herboden6,Traditional Remedy for Plaque 6,Botanicus plaque var6,"Natural Plaque Relief, Desi Chikitsa 6","Rasa: Tikta, Katu; Guna: Laghu, Ruksha","Shamana for Plaque, Balya, Balancing dental doshas",Traditional Dental Formulation 6,Ayush Global Medicinal Plants Registry
AY_098,Herboden7,Traditional Remedy for Plaque 7,Botanicus plaque var7,"Natural Plaque Relief, Desi Chikitsa 7","Rasa: Tikta, Katu; Guna: Laghu, Ruksha","Shamana for Plaque, Balya, Balancing dental doshas",Traditional Dental Formulation 7,Ayush Global Medicinal Plants Registry
AY_099,Herboden1,Traditional Remedy for Gum Inflammation 1,Botanicus gum_inflammation var1,"Natural Gum Inflammation Relief, Desi Chikitsa 1","Rasa: Tikta, Katu; Guna: Laghu, Ruksha","Shamana for Gum Inflammation, Balya, Balancing dental doshas",Traditional Dental Formulation 1,Ayush Global Medicinal Plants Registry
AY_100,Herboden2,Traditional Remedy for Gum Inflammation 2,Botanicus gum_inflammation var2,"Natural Gum Inflammation Relief, Desi Chikitsa 2","Rasa: Tikta, Katu; Guna: Laghu, Ruksha","Shamana for Gum Inflammation, Balya, Balancing dental doshas",Traditional Dental Formulation 2,Ayush Global Medicinal Plants Registry
AY_101,Herboden3,Traditional Remedy for Gum Inflammation 3,Botanicus gum_inflammation var3,"Natural Gum Inflammation Relief, Desi Chikitsa 3","Rasa: Tikta, Katu; Guna: Laghu, Ruksha","Shamana for Gum Inflammation, Balya, Balancing dental doshas",Traditional Dental Formulation 3,Ayush Global Medicinal Plants Registry
AY_102,Herboden4,Traditional Remedy for Gum Inflammation 4,Botanicus gum_inflammation var4,"Natural Gum Inflammation Relief, Desi Chikitsa 4","Rasa: Tikta, Katu; Guna: Laghu, Ruksha","Shamana for Gum Inflammation, Balya, Balancing dental doshas",Traditional Dental Formulation 4,Ayush Global Medicinal Plants Registry
AY_103,Herboden5,Traditional Remedy for Gum Inflammation 5,Botanicus gum_inflammation var5,"Natural Gum Inflammation Relief, Desi Chikitsa 5","Rasa: Tikta, Katu; Guna: Laghu, Ruksha","Shamana for Gum Inflammation, Balya, Balancing dental doshas",Traditional Dental Formulation 5,Ayush Global Medicinal Plants Registry
AY_104,Herboden6,Traditional Remedy for Gum Inflammation 6,Botanicus gum_inflammation var6,"Natural Gum Inflammation Relief, Desi Chikitsa 6","Rasa: Tikta, Katu; Guna: Laghu, Ruksha","Shamana for Gum Inflammation, Balya, Balancing dental doshas",Traditional Dental Formulation 6,Ayush Global Medicinal Plants Registry
AY_105,Herboden7,Traditional Remedy for Gum Inflammation 7,Botanicus gum_inflammation var7,"Natural Gum Inflammation Relief, Desi Chikitsa 7","Rasa: Tikta, Katu; Guna: Laghu, Ruksha","Shamana for Gum Inflammation, Balya, Balancing dental doshas",Traditional Dental Formulation 7,Ayush Global Medicinal Plants Registry
AY_106,Herboden1,Traditional Remedy for Bad Breath 1,Botanicus bad_breath var1,"Natural Bad Breath Relief, Desi Chikitsa 1","Rasa: Tikta, Katu; Guna: Laghu, Ruksha","Shamana for Bad Breath, Balya, Balancing dental doshas",Traditional Dental Formulation 1,Ayush Global Medicinal Plants Registry
AY_107,Herboden2,Traditional Remedy for Bad Breath 2,Botanicus bad_breath var2,"Natural Bad Breath Relief, Desi Chikitsa 2","Rasa: Tikta, Katu; Guna: Laghu, Ruksha","Shamana for Bad Breath, Balya, Balancing dental doshas",Traditional Dental Formulation 2,Ayush Global Medicinal Plants Registry
AY_108,Herboden3,Traditional Remedy for Bad Breath 3,Botanicus bad_breath var3,"Natural Bad Breath Relief, Desi Chikitsa 3","Rasa: Tikta, Katu; Guna: Laghu, Ruksha","Shamana for Bad Breath, Balya, Balancing dental doshas",Traditional Dental Formulation 3,Ayush Global Medicinal Plants Registry
AY_109,Herboden4,Traditional Remedy for Bad Breath 4,Botanicus bad_breath var4,"Natural Bad Breath Relief, Desi Chikitsa 4","Rasa: Tikta, Katu; Guna: Laghu, Ruksha","Shamana for Bad Breath, Balya, Balancing dental doshas",Traditional Dental Formulation 4,Ayush Global Medicinal Plants Registry
AY_110,Herboden5,Traditional Remedy for Bad Breath 5,Botanicus bad_breath var5,"Natural Bad Breath Relief, Desi Chikitsa 5","Rasa: Tikta, Katu; Guna: Laghu, Ruksha","Shamana for Bad Breath, Balya, Balancing dental doshas",Traditional Dental Formulation 5,Ayush Global Medicinal Plants Registry
AY_111,Herboden6,Traditional Remedy for Bad Breath 6,Botanicus bad_breath var6,"Natural Bad Breath Relief, Desi Chikitsa 6","Rasa: Tikta, Katu; Guna: Laghu, Ruksha","Shamana for Bad Breath, Balya, Balancing dental doshas",Traditional Dental Formulation 6,Ayush Global Medicinal Plants Registry
AY_112,Herboden7,Traditional Remedy for Bad Breath 7,Botanicus bad_breath var7,"Natural Bad Breath Relief, Desi Chikitsa 7","Rasa: Tikta, Katu; Guna: Laghu, Ruksha","Shamana for Bad Breath, Balya, Balancing dental doshas",Traditional Dental Formulation 7,Ayush Global Medicinal Plants Registry
AY_113,Herbogas1,Traditional Remedy for Stomachache 1,Botanicus stomachache var1,"Natural Stomachache Relief, Desi Chikitsa 1","Rasa: Tikta, Katu; Guna: Laghu, Ruksha","Shamana for Stomachache, Balya, Balancing gastrointestinal doshas",Traditional Gastrointestinal Formulation 1,Ayush Global Medicinal Plants Registry
AY_114,Herbogas2,Traditional Remedy for Stomachache 2,Botanicus stomachache var2,"Natural Stomachache Relief, Desi Chikitsa 2","Rasa: Tikta, Katu; Guna: Laghu, Ruksha","Shamana for Stomachache, Balya, Balancing gastrointestinal doshas",Traditional Gastrointestinal Formulation 2,Ayush Global Medicinal Plants Registry
AY_115,Herbogas3,Traditional Remedy for Stomachache 3,Botanicus stomachache var3,"Natural Stomachache Relief, Desi Chikitsa 3","Rasa: Tikta, Katu; Guna: Laghu, Ruksha","Shamana for Stomachache, Balya, Balancing gastrointestinal doshas",Traditional Gastrointestinal Formulation 3,Ayush Global Medicinal Plants Registry
AY_116,Herbogas4,Traditional Remedy for Stomachache 4,Botanicus stomachache var4,"Natural Stomachache Relief, Desi Chikitsa 4","Rasa: Tikta, Katu; Guna: Laghu, Ruksha","Shamana for Stomachache, Balya, Balancing gastrointestinal doshas",Traditional Gastrointestinal Formulation 4,Ayush Global Medicinal Plants Registry
AY_117,Herbogas5,Traditional Remedy for Stomachache 5,Botanicus stomachache var5,"Natural Stomachache Relief, Desi Chikitsa 5","Rasa: Tikta, Katu; Guna: Laghu, Ruksha","Shamana for Stomachache, Balya, Balancing gastrointestinal doshas",Traditional Gastrointestinal Formulation 5,Ayush Global Medicinal Plants Registry
AY_118,Herbogas6,Traditional Remedy for Stomachache 6,Botanicus stomachache var6,"Natural Stomachache Relief, Desi Chikitsa 6","Rasa: Tikta, Katu; Guna: Laghu, Ruksha","Shamana for Stomachache, Balya, Balancing gastrointestinal doshas",Traditional Gastrointestinal Formulation 6,Ayush Global Medicinal Plants Registry
AY_119,Herbogas7,Traditional Remedy for Stomachache 7,Botanicus stomachache var7,"Natural Stomachache Relief, Desi Chikitsa 7","Rasa: Tikta, Katu; Guna: Laghu, Ruksha","Shamana for Stomachache, Balya, Balancing gastrointestinal doshas",Traditional Gastrointestinal Formulation 7,Ayush Global Medicinal Plants Registry
AY_120,Herbogas1,Traditional Remedy for Acidity 1,Botanicus acidity var1,"Natural Acidity Relief, Desi Chikitsa 1","Rasa: Tikta, Katu; Guna: Laghu, Ruksha","Shamana for Acidity, Balya, Balancing gastrointestinal doshas",Traditional Gastrointestinal Formulation 1,Ayush Global Medicinal Plants Registry
AY_121,Herbogas2,Traditional Remedy for Acidity 2,Botanicus acidity var2,"Natural Acidity Relief, Desi Chikitsa 2","Rasa: Tikta, Katu; Guna: Laghu, Ruksha","Shamana for Acidity, Balya, Balancing gastrointestinal doshas",Traditional Gastrointestinal Formulation 2,Ayush Global Medicinal Plants Registry
AY_122,Herbogas3,Traditional Remedy for Acidity 3,Botanicus acidity var3,"Natural Acidity Relief, Desi Chikitsa 3","Rasa: Tikta, Katu; Guna: Laghu, Ruksha","Shamana for Acidity, Balya, Balancing gastrointestinal doshas",Traditional Gastrointestinal Formulation 3,Ayush Global Medicinal Plants Registry
AY_123,Herbogas4,Traditional Remedy for Acidity 4,Botanicus acidity var4,"Natural Acidity Relief, Desi Chikitsa 4","Rasa: Tikta, Katu; Guna: Laghu, Ruksha","Shamana for Acidity, Balya, Balancing gastrointestinal doshas",Traditional Gastrointestinal Formulation 4,Ayush Global Medicinal Plants Registry
AY_124,Herbogas5,Traditional Remedy for Acidity 5,Botanicus acidity var5,"Natural Acidity Relief, Desi Chikitsa 5","Rasa: Tikta, Katu; Guna: Laghu, Ruksha","Shamana for Acidity, Balya, Balancing gastrointestinal doshas",Traditional Gastrointestinal Formulation 5,Ayush Global Medicinal Plants Registry
AY_125,Herbogas6,Traditional Remedy for Acidity 6,Botanicus acidity var6,"Natural Acidity Relief, Desi Chikitsa 6","Rasa: Tikta, Katu; Guna: Laghu, Ruksha","Shamana for Acidity, Balya, Balancing gastrointestinal doshas",Traditional Gastrointestinal Formulation 6,Ayush Global Medicinal Plants Registry
AY_126,Herbogas7,Traditional Remedy for Acidity 7,Botanicus acidity var7,"Natural Acidity Relief, Desi Chikitsa 7","Rasa: Tikta, Katu; Guna: Laghu, Ruksha","Shamana for Acidity, Balya, Balancing gastrointestinal doshas",Traditional Gastrointestinal Formulation 7,Ayush Global Medicinal Plants Registry
AY_127,Herbogas1,Traditional Remedy for Indigestion 1,Botanicus indigestion var1,"Natural Indigestion Relief, Desi Chikitsa 1","Rasa: Tikta, Katu; Guna: Laghu, Ruksha","Shamana for Indigestion, Balya, Balancing gastrointestinal doshas",Traditional Gastrointestinal Formulation 1,Ayush Global Medicinal Plants Registry
AY_128,Herbogas2,Traditional Remedy for Indigestion 2,Botanicus indigestion var2,"Natural Indigestion Relief, Desi Chikitsa 2","Rasa: Tikta, Katu; Guna: Laghu, Ruksha","Shamana for Indigestion, Balya, Balancing gastrointestinal doshas",Traditional Gastrointestinal Formulation 2,Ayush Global Medicinal Plants Registry
AY_129,Herbogas3,Traditional Remedy for Indigestion 3,Botanicus indigestion var3,"Natural Indigestion Relief, Desi Chikitsa 3","Rasa: Tikta, Katu; Guna: Laghu, Ruksha","Shamana for Indigestion, Balya, Balancing gastrointestinal doshas",Traditional Gastrointestinal Formulation 3,Ayush Global Medicinal Plants Registry
AY_130,Herbogas4,Traditional Remedy for Indigestion 4,Botanicus indigestion var4,"Natural Indigestion Relief, Desi Chikitsa 4","Rasa: Tikta, Katu; Guna: Laghu, Ruksha","Shamana for Indigestion, Balya, Balancing gastrointestinal doshas",Traditional Gastrointestinal Formulation 4,Ayush Global Medicinal Plants Registry
AY_131,Herbogas5,Traditional Remedy for Indigestion 5,Botanicus indigestion var5,"Natural Indigestion Relief, Desi Chikitsa 5","Rasa: Tikta, Katu; Guna: Laghu, Ruksha","Shamana for Indigestion, Balya, Balancing gastrointestinal doshas",Traditional Gastrointestinal Formulation 5,Ayush Global Medicinal Plants Registry
AY_132,Herbogas6,Traditional Remedy for Indigestion 6,Botanicus indigestion var6,"Natural Indigestion Relief, Desi Chikitsa 6","Rasa: Tikta, Katu; Guna: Laghu, Ruksha","Shamana for Indigestion, Balya, Balancing gastrointestinal doshas",Traditional Gastrointestinal Formulation 6,Ayush Global Medicinal Plants Registry
AY_133,Herbogas7,Traditional Remedy for Indigestion 7,Botanicus indigestion var7,"Natural Indigestion Relief, Desi Chikitsa 7","Rasa: Tikta, Katu; Guna: Laghu, Ruksha","Shamana for Indigestion, Balya, Balancing gastrointestinal doshas",Traditional Gastrointestinal Formulation 7,Ayush Global Medicinal Plants Registry
AY_134,Herbogas1,Traditional Remedy for Nausea 1,Botanicus nausea var1,"Natural Nausea Relief, Desi Chikitsa 1","Rasa: Tikta, Katu; Guna: Laghu, Ruksha","Shamana for Nausea, Balya, Balancing gastrointestinal doshas",Traditional Gastrointestinal Formulation 1,Ayush Global Medicinal Plants Registry
AY_135,Herbogas2,Traditional Remedy for Nausea 2,Botanicus nausea var2,"Natural Nausea Relief, Desi Chikitsa 2","Rasa: Tikta, Katu; Guna: Laghu, Ruksha","Shamana for Nausea, Balya, Balancing gastrointestinal doshas",Traditional Gastrointestinal Formulation 2,Ayush Global Medicinal Plants Registry
AY_136,Herbogas3,Traditional Remedy for Nausea 3,Botanicus nausea var3,"Natural Nausea Relief, Desi Chikitsa 3","Rasa: Tikta, Katu; Guna: Laghu, Ruksha","Shamana for Nausea, Balya, Balancing gastrointestinal doshas",Traditional Gastrointestinal Formulation 3,Ayush Global Medicinal Plants Registry
AY_137,Herbogas4,Traditional Remedy for Nausea 4,Botanicus nausea var4,"Natural Nausea Relief, Desi Chikitsa 4","Rasa: Tikta, Katu; Guna: Laghu, Ruksha","Shamana for Nausea, Balya, Balancing gastrointestinal doshas",Traditional Gastrointestinal Formulation 4,Ayush Global Medicinal Plants Registry
AY_138,Herbogas5,Traditional Remedy for Nausea 5,Botanicus nausea var5,"Natural Nausea Relief, Desi Chikitsa 5","Rasa: Tikta, Katu; Guna: Laghu, Ruksha","Shamana for Nausea, Balya, Balancing gastrointestinal doshas",Traditional Gastrointestinal Formulation 5,Ayush Global Medicinal Plants Registry
AY_139,Herbogas6,Traditional Remedy for Nausea 6,Botanicus nausea var6,"Natural Nausea Relief, Desi Chikitsa 6","Rasa: Tikta, Katu; Guna: Laghu, Ruksha","Shamana for Nausea, Balya, Balancing gastrointestinal doshas",Traditional Gastrointestinal Formulation 6,Ayush Global Medicinal Plants Registry
AY_140,Herbogas7,Traditional Remedy for Nausea 7,Botanicus nausea var7,"Natural Nausea Relief, Desi Chikitsa 7","Rasa: Tikta, Katu; Guna: Laghu, Ruksha","Shamana for Nausea, Balya, Balancing gastrointestinal doshas",Traditional Gastrointestinal Formulation 7,Ayush Global Medicinal Plants Registry
AY_141,Herbogas1,Traditional Remedy for Vomiting 1,Botanicus vomiting var1,"Natural Vomiting Relief, Desi Chikitsa 1","Rasa: Tikta, Katu; Guna: Laghu, Ruksha","Shamana for Vomiting, Balya, Balancing gastrointestinal doshas",Traditional Gastrointestinal Formulation 1,Ayush Global Medicinal Plants Registry
AY_142,Herbogas2,Traditional Remedy for Vomiting 2,Botanicus vomiting var2,"Natural Vomiting Relief, Desi Chikitsa 2","Rasa: Tikta, Katu; Guna: Laghu, Ruksha","Shamana for Vomiting, Balya, Balancing gastrointestinal doshas",Traditional Gastrointestinal Formulation 2,Ayush Global Medicinal Plants Registry
AY_143,Herbogas3,Traditional Remedy for Vomiting 3,Botanicus vomiting var3,"Natural Vomiting Relief, Desi Chikitsa 3","Rasa: Tikta, Katu; Guna: Laghu, Ruksha","Shamana for Vomiting, Balya, Balancing gastrointestinal doshas",Traditional Gastrointestinal Formulation 3,Ayush Global Medicinal Plants Registry
AY_144,Herbogas4,Traditional Remedy for Vomiting 4,Botanicus vomiting var4,"Natural Vomiting Relief, Desi Chikitsa 4","Rasa: Tikta, Katu; Guna: Laghu, Ruksha","Shamana for Vomiting, Balya, Balancing gastrointestinal doshas",Traditional Gastrointestinal Formulation 4,Ayush Global Medicinal Plants Registry
AY_145,Herbogas5,Traditional Remedy for Vomiting 5,Botanicus vomiting var5,"Natural Vomiting Relief, Desi Chikitsa 5","Rasa: Tikta, Katu; Guna: Laghu, Ruksha","Shamana for Vomiting, Balya, Balancing gastrointestinal doshas",Traditional Gastrointestinal Formulation 5,Ayush Global Medicinal Plants Registry
AY_146,Herbogas6,Traditional Remedy for Vomiting 6,Botanicus vomiting var6,"Natural Vomiting Relief, Desi Chikitsa 6","Rasa: Tikta, Katu; Guna: Laghu, Ruksha","Shamana for Vomiting, Balya, Balancing gastrointestinal doshas",Traditional Gastrointestinal Formulation 6,Ayush Global Medicinal Plants Registry
AY_147,Herbogas7,Traditional Remedy for Vomiting 7,Botanicus vomiting var7,"Natural Vomiting Relief, Desi Chikitsa 7","Rasa: Tikta, Katu; Guna: Laghu, Ruksha","Shamana for Vomiting, Balya, Balancing gastrointestinal doshas",Traditional Gastrointestinal Formulation 7,Ayush Global Medicinal Plants Registry
AY_148,Herbogas1,Traditional Remedy for Bloating 1,Botanicus bloating var1,"Natural Bloating Relief, Desi Chikitsa 1","Rasa: Tikta, Katu; Guna: Laghu, Ruksha","Shamana for Bloating, Balya, Balancing gastrointestinal doshas",Traditional Gastrointestinal Formulation 1,Ayush Global Medicinal Plants Registry
AY_149,Herbogas2,Traditional Remedy for Bloating 2,Botanicus bloating var2,"Natural Bloating Relief, Desi Chikitsa 2","Rasa: Tikta, Katu; Guna: Laghu, Ruksha","Shamana for Bloating, Balya, Balancing gastrointestinal doshas",Traditional Gastrointestinal Formulation 2,Ayush Global Medicinal Plants Registry
AY_150,Herbogas3,Traditional Remedy for Bloating 3,Botanicus bloating var3,"Natural Bloating Relief, Desi Chikitsa 3","Rasa: Tikta, Katu; Guna: Laghu, Ruksha","Shamana for Bloating, Balya, Balancing gastrointestinal doshas",Traditional Gastrointestinal Formulation 3,Ayush Global Medicinal Plants Registry
AY_151,Herbogas4,Traditional Remedy for Bloating 4,Botanicus bloating var4,"Natural Bloating Relief, Desi Chikitsa 4","Rasa: Tikta, Katu; Guna: Laghu, Ruksha","Shamana for Bloating, Balya, Balancing gastrointestinal doshas",Traditional Gastrointestinal Formulation 4,Ayush Global Medicinal Plants Registry
AY_152,Herbogas5,Traditional Remedy for Bloating 5,Botanicus bloating var5,"Natural Bloating Relief, Desi Chikitsa 5","Rasa: Tikta, Katu; Guna: Laghu, Ruksha","Shamana for Bloating, Balya, Balancing gastrointestinal doshas",Traditional Gastrointestinal Formulation 5,Ayush Global Medicinal Plants Registry
AY_153,Herbogas6,Traditional Remedy for Bloating 6,Botanicus bloating var6,"Natural Bloating Relief, Desi Chikitsa 6","Rasa: Tikta, Katu; Guna: Laghu, Ruksha","Shamana for Bloating, Balya, Balancing gastrointestinal doshas",Traditional Gastrointestinal Formulation 6,Ayush Global Medicinal Plants Registry
AY_154,Herbogas7,Traditional Remedy for Bloating 7,Botanicus bloating var7,"Natural Bloating Relief, Desi Chikitsa 7","Rasa: Tikta, Katu; Guna: Laghu, Ruksha","Shamana for Bloating, Balya, Balancing gastrointestinal doshas",Traditional Gastrointestinal Formulation 7,Ayush Global Medicinal Plants Registry
AY_155,Herbogas1,Traditional Remedy for Constipation 1,Botanicus constipation var1,"Natural Constipation Relief, Desi Chikitsa 1","Rasa: Tikta, Katu; Guna: Laghu, Ruksha","Shamana for Constipation, Balya, Balancing gastrointestinal doshas",Traditional Gastrointestinal Formulation 1,Ayush Global Medicinal Plants Registry
AY_156,Herbogas2,Traditional Remedy for Constipation 2,Botanicus constipation var2,"Natural Constipation Relief, Desi Chikitsa 2","Rasa: Tikta, Katu; Guna: Laghu, Ruksha","Shamana for Constipation, Balya, Balancing gastrointestinal doshas",Traditional Gastrointestinal Formulation 2,Ayush Global Medicinal Plants Registry
AY_157,Herbogas3,Traditional Remedy for Constipation 3,Botanicus constipation var3,"Natural Constipation Relief, Desi Chikitsa 3","Rasa: Tikta, Katu; Guna: Laghu, Ruksha","Shamana for Constipation, Balya, Balancing gastrointestinal doshas",Traditional Gastrointestinal Formulation 3,Ayush Global Medicinal Plants Registry
AY_158,Herbogas4,Traditional Remedy for Constipation 4,Botanicus constipation var4,"Natural Constipation Relief, Desi Chikitsa 4","Rasa: Tikta, Katu; Guna: Laghu, Ruksha","Shamana for Constipation, Balya, Balancing gastrointestinal doshas",Traditional Gastrointestinal Formulation 4,Ayush Global Medicinal Plants Registry
AY_159,Herbogas5,Traditional Remedy for Constipation 5,Botanicus constipation var5,"Natural Constipation Relief, Desi Chikitsa 5","Rasa: Tikta, Katu; Guna: Laghu, Ruksha","Shamana for Constipation, Balya, Balancing gastrointestinal doshas",Traditional Gastrointestinal Formulation 5,Ayush Global Medicinal Plants Registry
AY_160,Herbogas6,Traditional Remedy for Constipation 6,Botanicus constipation var6,"Natural Constipation Relief, Desi Chikitsa 6","Rasa: Tikta, Katu; Guna: Laghu, Ruksha","Shamana for Constipation, Balya, Balancing gastrointestinal doshas",Traditional Gastrointestinal Formulation 6,Ayush Global Medicinal Plants Registry
AY_161,Herbogas7,Traditional Remedy for Constipation 7,Botanicus constipation var7,"Natural Constipation Relief, Desi Chikitsa 7","Rasa: Tikta, Katu; Guna: Laghu, Ruksha","Shamana for Constipation, Balya, Balancing gastrointestinal doshas",Traditional Gastrointestinal Formulation 7,Ayush Global Medicinal Plants Registry
AY_162,Herbogas1,Traditional Remedy for Diarrhea 1,Botanicus diarrhea var1,"Natural Diarrhea Relief, Desi Chikitsa 1","Rasa: Tikta, Katu; Guna: Laghu, Ruksha","Shamana for Diarrhea, Balya, Balancing gastrointestinal doshas",Traditional Gastrointestinal Formulation 1,Ayush Global Medicinal Plants Registry
AY_163,Herbogas2,Traditional Remedy for Diarrhea 2,Botanicus diarrhea var2,"Natural Diarrhea Relief, Desi Chikitsa 2","Rasa: Tikta, Katu; Guna: Laghu, Ruksha","Shamana for Diarrhea, Balya, Balancing gastrointestinal doshas",Traditional Gastrointestinal Formulation 2,Ayush Global Medicinal Plants Registry
AY_164,Herbogas3,Traditional Remedy for Diarrhea 3,Botanicus diarrhea var3,"Natural Diarrhea Relief, Desi Chikitsa 3","Rasa: Tikta, Katu; Guna: Laghu, Ruksha","Shamana for Diarrhea, Balya, Balancing gastrointestinal doshas",Traditional Gastrointestinal Formulation 3,Ayush Global Medicinal Plants Registry
AY_165,Herbogas4,Traditional Remedy for Diarrhea 4,Botanicus diarrhea var4,"Natural Diarrhea Relief, Desi Chikitsa 4","Rasa: Tikta, Katu; Guna: Laghu, Ruksha","Shamana for Diarrhea, Balya, Balancing gastrointestinal doshas",Traditional Gastrointestinal Formulation 4,Ayush Global Medicinal Plants Registry
AY_166,Herbogas5,Traditional Remedy for Diarrhea 5,Botanicus diarrhea var5,"Natural Diarrhea Relief, Desi Chikitsa 5","Rasa: Tikta, Katu; Guna: Laghu, Ruksha","Shamana for Diarrhea, Balya, Balancing gastrointestinal doshas",Traditional Gastrointestinal Formulation 5,Ayush Global Medicinal Plants Registry
AY_167,Herbogas6,Traditional Remedy for Diarrhea 6,Botanicus diarrhea var6,"Natural Diarrhea Relief, Desi Chikitsa 6","Rasa: Tikta, Katu; Guna: Laghu, Ruksha","Shamana for Diarrhea, Balya, Balancing gastrointestinal doshas",Traditional Gastrointestinal Formulation 6,Ayush Global Medicinal Plants Registry
AY_168,Herbogas7,Traditional Remedy for Diarrhea 7,Botanicus diarrhea var7,"Natural Diarrhea Relief, Desi Chikitsa 7","Rasa: Tikta, Katu; Guna: Laghu, Ruksha","Shamana for Diarrhea, Balya, Balancing gastrointestinal doshas",Traditional Gastrointestinal Formulation 7,Ayush Global Medicinal Plants Registry
AY_169,Herbogas1,Traditional Remedy for Gastritis 1,Botanicus gastritis var1,"Natural Gastritis Relief, Desi Chikitsa 1","Rasa: Tikta, Katu; Guna: Laghu, Ruksha","Shamana for Gastritis, Balya, Balancing gastrointestinal doshas",Traditional Gastrointestinal Formulation 1,Ayush Global Medicinal Plants Registry
AY_170,Herbogas2,Traditional Remedy for Gastritis 2,Botanicus gastritis var2,"Natural Gastritis Relief, Desi Chikitsa 2","Rasa: Tikta, Katu; Guna: Laghu, Ruksha","Shamana for Gastritis, Balya, Balancing gastrointestinal doshas",Traditional Gastrointestinal Formulation 2,Ayush Global Medicinal Plants Registry
AY_171,Herbogas3,Traditional Remedy for Gastritis 3,Botanicus gastritis var3,"Natural Gastritis Relief, Desi Chikitsa 3","Rasa: Tikta, Katu; Guna: Laghu, Ruksha","Shamana for Gastritis, Balya, Balancing gastrointestinal doshas",Traditional Gastrointestinal Formulation 3,Ayush Global Medicinal Plants Registry
AY_172,Herbogas4,Traditional Remedy for Gastritis 4,Botanicus gastritis var4,"Natural Gastritis Relief, Desi Chikitsa 4","Rasa: Tikta, Katu; Guna: Laghu, Ruksha","Shamana for Gastritis, Balya, Balancing gastrointestinal doshas",Traditional Gastrointestinal Formulation 4,Ayush Global Medicinal Plants Registry
AY_173,Herbogas5,Traditional Remedy for Gastritis 5,Botanicus gastritis var5,"Natural Gastritis Relief, Desi Chikitsa 5","Rasa: Tikta, Katu; Guna: Laghu, Ruksha","Shamana for Gastritis, Balya, Balancing gastrointestinal doshas",Traditional Gastrointestinal Formulation 5,Ayush Global Medicinal Plants Registry
AY_174,Herbogas6,Traditional Remedy for Gastritis 6,Botanicus gastritis var6,"Natural Gastritis Relief, Desi Chikitsa 6","Rasa: Tikta, Katu; Guna: Laghu, Ruksha","Shamana for Gastritis, Balya, Balancing gastrointestinal doshas",Traditional Gastrointestinal Formulation 6,Ayush Global Medicinal Plants Registry
AY_175,Herbogas7,Traditional Remedy for Gastritis 7,Botanicus gastritis var7,"Natural Gastritis Relief, Desi Chikitsa 7","Rasa: Tikta, Katu; Guna: Laghu, Ruksha","Shamana for Gastritis, Balya, Balancing gastrointestinal doshas",Traditional Gastrointestinal Formulation 7,Ayush Global Medicinal Plants Registry
AY_176,Herbogas1,Traditional Remedy for Acid Reflux 1,Botanicus acid_reflux var1,"Natural Acid Reflux Relief, Desi Chikitsa 1","Rasa: Tikta, Katu; Guna: Laghu, Ruksha","Shamana for Acid Reflux, Balya, Balancing gastrointestinal doshas",Traditional Gastrointestinal Formulation 1,Ayush Global Medicinal Plants Registry
AY_177,Herbogas2,Traditional Remedy for Acid Reflux 2,Botanicus acid_reflux var2,"Natural Acid Reflux Relief, Desi Chikitsa 2","Rasa: Tikta, Katu; Guna: Laghu, Ruksha","Shamana for Acid Reflux, Balya, Balancing gastrointestinal doshas",Traditional Gastrointestinal Formulation 2,Ayush Global Medicinal Plants Registry
AY_178,Herbogas3,Traditional Remedy for Acid Reflux 3,Botanicus acid_reflux var3,"Natural Acid Reflux Relief, Desi Chikitsa 3","Rasa: Tikta, Katu; Guna: Laghu, Ruksha","Shamana for Acid Reflux, Balya, Balancing gastrointestinal doshas",Traditional Gastrointestinal Formulation 3,Ayush Global Medicinal Plants Registry
AY_179,Herbogas4,Traditional Remedy for Acid Reflux 4,Botanicus acid_reflux var4,"Natural Acid Reflux Relief, Desi Chikitsa 4","Rasa: Tikta, Katu; Guna: Laghu, Ruksha","Shamana for Acid Reflux, Balya, Balancing gastrointestinal doshas",Traditional Gastrointestinal Formulation 4,Ayush Global Medicinal Plants Registry
AY_180,Herbogas5,Traditional Remedy for Acid Reflux 5,Botanicus acid_reflux var5,"Natural Acid Reflux Relief, Desi Chikitsa 5","Rasa: Tikta, Katu; Guna: Laghu, Ruksha","Shamana for Acid Reflux, Balya, Balancing gastrointestinal doshas",Traditional Gastrointestinal Formulation 5,Ayush Global Medicinal Plants Registry
AY_181,Herbogas6,Traditional Remedy for Acid Reflux 6,Botanicus acid_reflux var6,"Natural Acid Reflux Relief, Desi Chikitsa 6","Rasa: Tikta, Katu; Guna: Laghu, Ruksha","Shamana for Acid Reflux, Balya, Balancing gastrointestinal doshas",Traditional Gastrointestinal Formulation 6,Ayush Global Medicinal Plants Registry
AY_182,Herbogas7,Traditional Remedy for Acid Reflux 7,Botanicus acid_reflux var7,"Natural Acid Reflux Relief, Desi Chikitsa 7","Rasa: Tikta, Katu; Guna: Laghu, Ruksha","Shamana for Acid Reflux, Balya, Balancing gastrointestinal doshas",Traditional Gastrointestinal Formulation 7,Ayush Global Medicinal Plants Registry
AY_183,Herbores1,Traditional Remedy for Cough 1,Botanicus cough var1,"Natural Cough Relief, Desi Chikitsa 1","Rasa: Tikta, Katu; Guna: Laghu, Ruksha","Shamana for Cough, Balya, Balancing respiratory doshas",Traditional Respiratory Formulation 1,Ayush Global Medicinal Plants Registry
AY_184,Herbores2,Traditional Remedy for Cough 2,Botanicus cough var2,"Natural Cough Relief, Desi Chikitsa 2","Rasa: Tikta, Katu; Guna: Laghu, Ruksha","Shamana for Cough, Balya, Balancing respiratory doshas",Traditional Respiratory Formulation 2,Ayush Global Medicinal Plants Registry
AY_185,Herbores3,Traditional Remedy for Cough 3,Botanicus cough var3,"Natural Cough Relief, Desi Chikitsa 3","Rasa: Tikta, Katu; Guna: Laghu, Ruksha","Shamana for Cough, Balya, Balancing respiratory doshas",Traditional Respiratory Formulation 3,Ayush Global Medicinal Plants Registry
AY_186,Herbores4,Traditional Remedy for Cough 4,Botanicus cough var4,"Natural Cough Relief, Desi Chikitsa 4","Rasa: Tikta, Katu; Guna: Laghu, Ruksha","Shamana for Cough, Balya, Balancing respiratory doshas",Traditional Respiratory Formulation 4,Ayush Global Medicinal Plants Registry
AY_187,Herbores5,Traditional Remedy for Cough 5,Botanicus cough var5,"Natural Cough Relief, Desi Chikitsa 5","Rasa: Tikta, Katu; Guna: Laghu, Ruksha","Shamana for Cough, Balya, Balancing respiratory doshas",Traditional Respiratory Formulation 5,Ayush Global Medicinal Plants Registry
AY_188,Herbores6,Traditional Remedy for Cough 6,Botanicus cough var6,"Natural Cough Relief, Desi Chikitsa 6","Rasa: Tikta, Katu; Guna: Laghu, Ruksha","Shamana for Cough, Balya, Balancing respiratory doshas",Traditional Respiratory Formulation 6,Ayush Global Medicinal Plants Registry
AY_189,Herbores7,Traditional Remedy for Cough 7,Botanicus cough var7,"Natural Cough Relief, Desi Chikitsa 7","Rasa: Tikta, Katu; Guna: Laghu, Ruksha","Shamana for Cough, Balya, Balancing respiratory doshas",Traditional Respiratory Formulation 7,Ayush Global Medicinal Plants Registry
AY_190,Herbores1,Traditional Remedy for Cold 1,Botanicus cold var1,"Natural Cold Relief, Desi Chikitsa 1","Rasa: Tikta, Katu; Guna: Laghu, Ruksha","Shamana for Cold, Balya, Balancing respiratory doshas",Traditional Respiratory Formulation 1,Ayush Global Medicinal Plants Registry
AY_191,Herbores2,Traditional Remedy for Cold 2,Botanicus cold var2,"Natural Cold Relief, Desi Chikitsa 2","Rasa: Tikta, Katu; Guna: Laghu, Ruksha","Shamana for Cold, Balya, Balancing respiratory doshas",Traditional Respiratory Formulation 2,Ayush Global Medicinal Plants Registry
AY_192,Herbores3,Traditional Remedy for Cold 3,Botanicus cold var3,"Natural Cold Relief, Desi Chikitsa 3","Rasa: Tikta, Katu; Guna: Laghu, Ruksha","Shamana for Cold, Balya, Balancing respiratory doshas",Traditional Respiratory Formulation 3,Ayush Global Medicinal Plants Registry
AY_193,Herbores4,Traditional Remedy for Cold 4,Botanicus cold var4,"Natural Cold Relief, Desi Chikitsa 4","Rasa: Tikta, Katu; Guna: Laghu, Ruksha","Shamana for Cold, Balya, Balancing respiratory doshas",Traditional Respiratory Formulation 4,Ayush Global Medicinal Plants Registry
AY_194,Herbores5,Traditional Remedy for Cold 5,Botanicus cold var5,"Natural Cold Relief, Desi Chikitsa 5","Rasa: Tikta, Katu; Guna: Laghu, Ruksha","Shamana for Cold, Balya, Balancing respiratory doshas",Traditional Respiratory Formulation 5,Ayush Global Medicinal Plants Registry
AY_195,Herbores6,Traditional Remedy for Cold 6,Botanicus cold var6,"Natural Cold Relief, Desi Chikitsa 6","Rasa: Tikta, Katu; Guna: Laghu, Ruksha","Shamana for Cold, Balya, Balancing respiratory doshas",Traditional Respiratory Formulation 6,Ayush Global Medicinal Plants Registry
AY_196,Herbores7,Traditional Remedy for Cold 7,Botanicus cold var7,"Natural Cold Relief, Desi Chikitsa 7","Rasa: Tikta, Katu; Guna: Laghu, Ruksha","Shamana for Cold, Balya, Balancing respiratory doshas",Traditional Respiratory Formulation 7,Ayush Global Medicinal Plants Registry
AY_197,Herbores1,Traditional Remedy for Shortness of Breath 1,Botanicus shortness_of_breath var1,"Natural Shortness of Breath Relief, Desi Chikitsa 1","Rasa: Tikta, Katu; Guna: Laghu, Ruksha","Shamana for Shortness of Breath, Balya, Balancing respiratory doshas",Traditional Respiratory Formulation 1,Ayush Global Medicinal Plants Registry
AY_198,Herbores2,Traditional Remedy for Shortness of Breath 2,Botanicus shortness_of_breath var2,"Natural Shortness of Breath Relief, Desi Chikitsa 2","Rasa: Tikta, Katu; Guna: Laghu, Ruksha","Shamana for Shortness of Breath, Balya, Balancing respiratory doshas",Traditional Respiratory Formulation 2,Ayush Global Medicinal Plants Registry
AY_199,Herbores3,Traditional Remedy for Shortness of Breath 3,Botanicus shortness_of_breath var3,"Natural Shortness of Breath Relief, Desi Chikitsa 3","Rasa: Tikta, Katu; Guna: Laghu, Ruksha","Shamana for Shortness of Breath, Balya, Balancing respiratory doshas",Traditional Respiratory Formulation 3,Ayush Global Medicinal Plants Registry
AY_200,Herbores4,Traditional Remedy for Shortness of Breath 4,Botanicus shortness_of_breath var4,"Natural Shortness of Breath Relief, Desi Chikitsa 4","Rasa: Tikta, Katu; Guna: Laghu, Ruksha","Shamana for Shortness of Breath, Balya, Balancing respiratory doshas",Traditional Respiratory Formulation 4,Ayush Global Medicinal Plants Registry
AY_201,Herbores5,Traditional Remedy for Shortness of Breath 5,Botanicus shortness_of_breath var5,"Natural Shortness of Breath Relief, Desi Chikitsa 5","Rasa: Tikta, Katu; Guna: Laghu, Ruksha","Shamana for Shortness of Breath, Balya, Balancing respiratory doshas",Traditional Respiratory Formulation 5,Ayush Global Medicinal Plants Registry
AY_202,Herbores6,Traditional Remedy for Shortness of Breath 6,Botanicus shortness_of_breath var6,"Natural Shortness of Breath Relief, Desi Chikitsa 6","Rasa: Tikta, Katu; Guna: Laghu, Ruksha","Shamana for Shortness of Breath, Balya, Balancing respiratory doshas",Traditional Respiratory Formulation 6,Ayush Global Medicinal Plants Registry
AY_203,Herbores7,Traditional Remedy for Shortness of Breath 7,Botanicus shortness_of_breath var7,"Natural Shortness of Breath Relief, Desi Chikitsa 7","Rasa: Tikta, Katu; Guna: Laghu, Ruksha","Shamana for Shortness of Breath, Balya, Balancing respiratory doshas",Traditional Respiratory Formulation 7,Ayush Global Medicinal Plants Registry
AY_204,Herbores1,Traditional Remedy for Wheezing 1,Botanicus wheezing var1,"Natural Wheezing Relief, Desi Chikitsa 1","Rasa: Tikta, Katu; Guna: Laghu, Ruksha","Shamana for Wheezing, Balya, Balancing respiratory doshas",Traditional Respiratory Formulation 1,Ayush Global Medicinal Plants Registry
AY_205,Herbores2,Traditional Remedy for Wheezing 2,Botanicus wheezing var2,"Natural Wheezing Relief, Desi Chikitsa 2","Rasa: Tikta, Katu; Guna: Laghu, Ruksha","Shamana for Wheezing, Balya, Balancing respiratory doshas",Traditional Respiratory Formulation 2,Ayush Global Medicinal Plants Registry
AY_206,Herbores3,Traditional Remedy for Wheezing 3,Botanicus wheezing var3,"Natural Wheezing Relief, Desi Chikitsa 3","Rasa: Tikta, Katu; Guna: Laghu, Ruksha","Shamana for Wheezing, Balya, Balancing respiratory doshas",Traditional Respiratory Formulation 3,Ayush Global Medicinal Plants Registry
AY_207,Herbores4,Traditional Remedy for Wheezing 4,Botanicus wheezing var4,"Natural Wheezing Relief, Desi Chikitsa 4","Rasa: Tikta, Katu; Guna: Laghu, Ruksha","Shamana for Wheezing, Balya, Balancing respiratory doshas",Traditional Respiratory Formulation 4,Ayush Global Medicinal Plants Registry
AY_208,Herbores5,Traditional Remedy for Wheezing 5,Botanicus wheezing var5,"Natural Wheezing Relief, Desi Chikitsa 5","Rasa: Tikta, Katu; Guna: Laghu, Ruksha","Shamana for Wheezing, Balya, Balancing respiratory doshas",Traditional Respiratory Formulation 5,Ayush Global Medicinal Plants Registry
AY_209,Herbores6,Traditional Remedy for Wheezing 6,Botanicus wheezing var6,"Natural Wheezing Relief, Desi Chikitsa 6","Rasa: Tikta, Katu; Guna: Laghu, Ruksha","Shamana for Wheezing, Balya, Balancing respiratory doshas",Traditional Respiratory Formulation 6,Ayush Global Medicinal Plants Registry
AY_210,Herbores7,Traditional Remedy for Wheezing 7,Botanicus wheezing var7,"Natural Wheezing Relief, Desi Chikitsa 7","Rasa: Tikta, Katu; Guna: Laghu, Ruksha","Shamana for Wheezing, Balya, Balancing respiratory doshas",Traditional Respiratory Formulation 7,Ayush Global Medicinal Plants Registry
AY_211,Herbores1,Traditional Remedy for Sore Throat 1,Botanicus sore_throat var1,"Natural Sore Throat Relief, Desi Chikitsa 1","Rasa: Tikta, Katu; Guna: Laghu, Ruksha","Shamana for Sore Throat, Balya, Balancing respiratory doshas",Traditional Respiratory Formulation 1,Ayush Global Medicinal Plants Registry
AY_212,Herbores2,Traditional Remedy for Sore Throat 2,Botanicus sore_throat var2,"Natural Sore Throat Relief, Desi Chikitsa 2","Rasa: Tikta, Katu; Guna: Laghu, Ruksha","Shamana for Sore Throat, Balya, Balancing respiratory doshas",Traditional Respiratory Formulation 2,Ayush Global Medicinal Plants Registry
AY_213,Herbores3,Traditional Remedy for Sore Throat 3,Botanicus sore_throat var3,"Natural Sore Throat Relief, Desi Chikitsa 3","Rasa: Tikta, Katu; Guna: Laghu, Ruksha","Shamana for Sore Throat, Balya, Balancing respiratory doshas",Traditional Respiratory Formulation 3,Ayush Global Medicinal Plants Registry
AY_214,Herbores4,Traditional Remedy for Sore Throat 4,Botanicus sore_throat var4,"Natural Sore Throat Relief, Desi Chikitsa 4","Rasa: Tikta, Katu; Guna: Laghu, Ruksha","Shamana for Sore Throat, Balya, Balancing respiratory doshas",Traditional Respiratory Formulation 4,Ayush Global Medicinal Plants Registry
AY_215,Herbores5,Traditional Remedy for Sore Throat 5,Botanicus sore_throat var5,"Natural Sore Throat Relief, Desi Chikitsa 5","Rasa: Tikta, Katu; Guna: Laghu, Ruksha","Shamana for Sore Throat, Balya, Balancing respiratory doshas",Traditional Respiratory Formulation 5,Ayush Global Medicinal Plants Registry
AY_216,Herbores6,Traditional Remedy for Sore Throat 6,Botanicus sore_throat var6,"Natural Sore Throat Relief, Desi Chikitsa 6","Rasa: Tikta, Katu; Guna: Laghu, Ruksha","Shamana for Sore Throat, Balya, Balancing respiratory doshas",Traditional Respiratory Formulation 6,Ayush Global Medicinal Plants Registry
AY_217,Herbores7,Traditional Remedy for Sore Throat 7,Botanicus sore_throat var7,"Natural Sore Throat Relief, Desi Chikitsa 7","Rasa: Tikta, Katu; Guna: Laghu, Ruksha","Shamana for Sore Throat, Balya, Balancing respiratory doshas",Traditional Respiratory Formulation 7,Ayush Global Medicinal Plants Registry
AY_218,Herbores1,Traditional Remedy for Chest Congestion 1,Botanicus chest_congestion var1,"Natural Chest Congestion Relief, Desi Chikitsa 1","Rasa: Tikta, Katu; Guna: Laghu, Ruksha","Shamana for Chest Congestion, Balya, Balancing respiratory doshas",Traditional Respiratory Formulation 1,Ayush Global Medicinal Plants Registry
AY_219,Herbores2,Traditional Remedy for Chest Congestion 2,Botanicus chest_congestion var2,"Natural Chest Congestion Relief, Desi Chikitsa 2","Rasa: Tikta, Katu; Guna: Laghu, Ruksha","Shamana for Chest Congestion, Balya, Balancing respiratory doshas",Traditional Respiratory Formulation 2,Ayush Global Medicinal Plants Registry
AY_220,Herbores3,Traditional Remedy for Chest Congestion 3,Botanicus chest_congestion var3,"Natural Chest Congestion Relief, Desi Chikitsa 3","Rasa: Tikta, Katu; Guna: Laghu, Ruksha","Shamana for Chest Congestion, Balya, Balancing respiratory doshas",Traditional Respiratory Formulation 3,Ayush Global Medicinal Plants Registry
AY_221,Herbores4,Traditional Remedy for Chest Congestion 4,Botanicus chest_congestion var4,"Natural Chest Congestion Relief, Desi Chikitsa 4","Rasa: Tikta, Katu; Guna: Laghu, Ruksha","Shamana for Chest Congestion, Balya, Balancing respiratory doshas",Traditional Respiratory Formulation 4,Ayush Global Medicinal Plants Registry
AY_222,Herbores5,Traditional Remedy for Chest Congestion 5,Botanicus chest_congestion var5,"Natural Chest Congestion Relief, Desi Chikitsa 5","Rasa: Tikta, Katu; Guna: Laghu, Ruksha","Shamana for Chest Congestion, Balya, Balancing respiratory doshas",Traditional Respiratory Formulation 5,Ayush Global Medicinal Plants Registry
AY_223,Herbores6,Traditional Remedy for Chest Congestion 6,Botanicus chest_congestion var6,"Natural Chest Congestion Relief, Desi Chikitsa 6","Rasa: Tikta, Katu; Guna: Laghu, Ruksha","Shamana for Chest Congestion, Balya, Balancing respiratory doshas",Traditional Respiratory Formulation 6,Ayush Global Medicinal Plants Registry
AY_224,Herbores7,Traditional Remedy for Chest Congestion 7,Botanicus chest_congestion var7,"Natural Chest Congestion Relief, Desi Chikitsa 7","Rasa: Tikta, Katu; Guna: Laghu, Ruksha","Shamana for Chest Congestion, Balya, Balancing respiratory doshas",Traditional Respiratory Formulation 7,Ayush Global Medicinal Plants Registry
AY_225,Herbores1,Traditional Remedy for Sinusitis 1,Botanicus sinusitis var1,"Natural Sinusitis Relief, Desi Chikitsa 1","Rasa: Tikta, Katu; Guna: Laghu, Ruksha","Shamana for Sinusitis, Balya, Balancing respiratory doshas",Traditional Respiratory Formulation 1,Ayush Global Medicinal Plants Registry
AY_226,Herbores2,Traditional Remedy for Sinusitis 2,Botanicus sinusitis var2,"Natural Sinusitis Relief, Desi Chikitsa 2","Rasa: Tikta, Katu; Guna: Laghu, Ruksha","Shamana for Sinusitis, Balya, Balancing respiratory doshas",Traditional Respiratory Formulation 2,Ayush Global Medicinal Plants Registry
AY_227,Herbores3,Traditional Remedy for Sinusitis 3,Botanicus sinusitis var3,"Natural Sinusitis Relief, Desi Chikitsa 3","Rasa: Tikta, Katu; Guna: Laghu, Ruksha","Shamana for Sinusitis, Balya, Balancing respiratory doshas",Traditional Respiratory Formulation 3,Ayush Global Medicinal Plants Registry
AY_228,Herbores4,Traditional Remedy for Sinusitis 4,Botanicus sinusitis var4,"Natural Sinusitis Relief, Desi Chikitsa 4","Rasa: Tikta, Katu; Guna: Laghu, Ruksha","Shamana for Sinusitis, Balya, Balancing respiratory doshas",Traditional Respiratory Formulation 4,Ayush Global Medicinal Plants Registry
AY_229,Herbores5,Traditional Remedy for Sinusitis 5,Botanicus sinusitis var5,"Natural Sinusitis Relief, Desi Chikitsa 5","Rasa: Tikta, Katu; Guna: Laghu, Ruksha","Shamana for Sinusitis, Balya, Balancing respiratory doshas",Traditional Respiratory Formulation 5,Ayush Global Medicinal Plants Registry
AY_230,Herbores6,Traditional Remedy for Sinusitis 6,Botanicus sinusitis var6,"Natural Sinusitis Relief, Desi Chikitsa 6","Rasa: Tikta, Katu; Guna: Laghu, Ruksha","Shamana for Sinusitis, Balya, Balancing respiratory doshas",Traditional Respiratory Formulation 6,Ayush Global Medicinal Plants Registry
AY_231,Herbores7,Traditional Remedy for Sinusitis 7,Botanicus sinusitis var7,"Natural Sinusitis Relief, Desi Chikitsa 7","Rasa: Tikta, Katu; Guna: Laghu, Ruksha","Shamana for Sinusitis, Balya, Balancing respiratory doshas",Traditional Respiratory Formulation 7,Ayush Global Medicinal Plants Registry
AY_232,Herbores1,Traditional Remedy for Bronchitis 1,Botanicus bronchitis var1,"Natural Bronchitis Relief, Desi Chikitsa 1","Rasa: Tikta, Katu; Guna: Laghu, Ruksha","Shamana for Bronchitis, Balya, Balancing respiratory doshas",Traditional Respiratory Formulation 1,Ayush Global Medicinal Plants Registry
AY_233,Herbores2,Traditional Remedy for Bronchitis 2,Botanicus bronchitis var2,"Natural Bronchitis Relief, Desi Chikitsa 2","Rasa: Tikta, Katu; Guna: Laghu, Ruksha","Shamana for Bronchitis, Balya, Balancing respiratory doshas",Traditional Respiratory Formulation 2,Ayush Global Medicinal Plants Registry
AY_234,Herbores3,Traditional Remedy for Bronchitis 3,Botanicus bronchitis var3,"Natural Bronchitis Relief, Desi Chikitsa 3","Rasa: Tikta, Katu; Guna: Laghu, Ruksha","Shamana for Bronchitis, Balya, Balancing respiratory doshas",Traditional Respiratory Formulation 3,Ayush Global Medicinal Plants Registry
AY_235,Herbores4,Traditional Remedy for Bronchitis 4,Botanicus bronchitis var4,"Natural Bronchitis Relief, Desi Chikitsa 4","Rasa: Tikta, Katu; Guna: Laghu, Ruksha","Shamana for Bronchitis, Balya, Balancing respiratory doshas",Traditional Respiratory Formulation 4,Ayush Global Medicinal Plants Registry
AY_236,Herbores5,Traditional Remedy for Bronchitis 5,Botanicus bronchitis var5,"Natural Bronchitis Relief, Desi Chikitsa 5","Rasa: Tikta, Katu; Guna: Laghu, Ruksha","Shamana for Bronchitis, Balya, Balancing respiratory doshas",Traditional Respiratory Formulation 5,Ayush Global Medicinal Plants Registry
AY_237,Herbores6,Traditional Remedy for Bronchitis 6,Botanicus bronchitis var6,"Natural Bronchitis Relief, Desi Chikitsa 6","Rasa: Tikta, Katu; Guna: Laghu, Ruksha","Shamana for Bronchitis, Balya, Balancing respiratory doshas",Traditional Respiratory Formulation 6,Ayush Global Medicinal Plants Registry
AY_238,Herbores7,Traditional Remedy for Bronchitis 7,Botanicus bronchitis var7,"Natural Bronchitis Relief, Desi Chikitsa 7","Rasa: Tikta, Katu; Guna: Laghu, Ruksha","Shamana for Bronchitis, Balya, Balancing respiratory doshas",Traditional Respiratory Formulation 7,Ayush Global Medicinal Plants Registry
AY_239,Herbores1,Traditional Remedy for Asthma Flare 1,Botanicus asthma_flare var1,"Natural Asthma Flare Relief, Desi Chikitsa 1","Rasa: Tikta, Katu; Guna: Laghu, Ruksha","Shamana for Asthma Flare, Balya, Balancing respiratory doshas",Traditional Respiratory Formulation 1,Ayush Global Medicinal Plants Registry
AY_240,Herbores2,Traditional Remedy for Asthma Flare 2,Botanicus asthma_flare var2,"Natural Asthma Flare Relief, Desi Chikitsa 2","Rasa: Tikta, Katu; Guna: Laghu, Ruksha","Shamana for Asthma Flare, Balya, Balancing respiratory doshas",Traditional Respiratory Formulation 2,Ayush Global Medicinal Plants Registry
AY_241,Herbores3,Traditional Remedy for Asthma Flare 3,Botanicus asthma_flare var3,"Natural Asthma Flare Relief, Desi Chikitsa 3","Rasa: Tikta, Katu; Guna: Laghu, Ruksha","Shamana for Asthma Flare, Balya, Balancing respiratory doshas",Traditional Respiratory Formulation 3,Ayush Global Medicinal Plants Registry
AY_242,Herbores4,Traditional Remedy for Asthma Flare 4,Botanicus asthma_flare var4,"Natural Asthma Flare Relief, Desi Chikitsa 4","Rasa: Tikta, Katu; Guna: Laghu, Ruksha","Shamana for Asthma Flare, Balya, Balancing respiratory doshas",Traditional Respiratory Formulation 4,Ayush Global Medicinal Plants Registry
AY_243,Herbores5,Traditional Remedy for Asthma Flare 5,Botanicus asthma_flare var5,"Natural Asthma Flare Relief, Desi Chikitsa 5","Rasa: Tikta, Katu; Guna: Laghu, Ruksha","Shamana for Asthma Flare, Balya, Balancing respiratory doshas",Traditional Respiratory Formulation 5,Ayush Global Medicinal Plants Registry
AY_244,Herbores6,Traditional Remedy for Asthma Flare 6,Botanicus asthma_flare var6,"Natural Asthma Flare Relief, Desi Chikitsa 6","Rasa: Tikta, Katu; Guna: Laghu, Ruksha","Shamana for Asthma Flare, Balya, Balancing respiratory doshas",Traditional Respiratory Formulation 6,Ayush Global Medicinal Plants Registry
AY_245,Herbores7,Traditional Remedy for Asthma Flare 7,Botanicus asthma_flare var7,"Natural Asthma Flare Relief, Desi Chikitsa 7","Rasa: Tikta, Katu; Guna: Laghu, Ruksha","Shamana for Asthma Flare, Balya, Balancing respiratory doshas",Traditional Respiratory Formulation 7,Ayush Global Medicinal Plants Registry
AY_246,Herboneu1,Traditional Remedy for Headache 1,Botanicus headache var1,"Natural Headache Relief, Desi Chikitsa 1","Rasa: Tikta, Katu; Guna: Laghu, Ruksha","Shamana for Headache, Balya, Balancing neurological doshas",Traditional Neurological Formulation 1,Ayush Global Medicinal Plants Registry
AY_247,Herboneu2,Traditional Remedy for Headache 2,Botanicus headache var2,"Natural Headache Relief, Desi Chikitsa 2","Rasa: Tikta, Katu; Guna: Laghu, Ruksha","Shamana for Headache, Balya, Balancing neurological doshas",Traditional Neurological Formulation 2,Ayush Global Medicinal Plants Registry
AY_248,Herboneu3,Traditional Remedy for Headache 3,Botanicus headache var3,"Natural Headache Relief, Desi Chikitsa 3","Rasa: Tikta, Katu; Guna: Laghu, Ruksha","Shamana for Headache, Balya, Balancing neurological doshas",Traditional Neurological Formulation 3,Ayush Global Medicinal Plants Registry
AY_249,Herboneu4,Traditional Remedy for Headache 4,Botanicus headache var4,"Natural Headache Relief, Desi Chikitsa 4","Rasa: Tikta, Katu; Guna: Laghu, Ruksha","Shamana for Headache, Balya, Balancing neurological doshas",Traditional Neurological Formulation 4,Ayush Global Medicinal Plants Registry
AY_250,Herboneu5,Traditional Remedy for Headache 5,Botanicus headache var5,"Natural Headache Relief, Desi Chikitsa 5","Rasa: Tikta, Katu; Guna: Laghu, Ruksha","Shamana for Headache, Balya, Balancing neurological doshas",Traditional Neurological Formulation 5,Ayush Global Medicinal Plants Registry
AY_251,Herboneu6,Traditional Remedy for Headache 6,Botanicus headache var6,"Natural Headache Relief, Desi Chikitsa 6","Rasa: Tikta, Katu; Guna: Laghu, Ruksha","Shamana for Headache, Balya, Balancing neurological doshas",Traditional Neurological Formulation 6,Ayush Global Medicinal Plants Registry
AY_252,Herboneu7,Traditional Remedy for Headache 7,Botanicus headache var7,"Natural Headache Relief, Desi Chikitsa 7","Rasa: Tikta, Katu; Guna: Laghu, Ruksha","Shamana for Headache, Balya, Balancing neurological doshas",Traditional Neurological Formulation 7,Ayush Global Medicinal Plants Registry
AY_253,Herboneu1,Traditional Remedy for Migraine 1,Botanicus migraine var1,"Natural Migraine Relief, Desi Chikitsa 1","Rasa: Tikta, Katu; Guna: Laghu, Ruksha","Shamana for Migraine, Balya, Balancing neurological doshas",Traditional Neurological Formulation 1,Ayush Global Medicinal Plants Registry
AY_254,Herboneu2,Traditional Remedy for Migraine 2,Botanicus migraine var2,"Natural Migraine Relief, Desi Chikitsa 2","Rasa: Tikta, Katu; Guna: Laghu, Ruksha","Shamana for Migraine, Balya, Balancing neurological doshas",Traditional Neurological Formulation 2,Ayush Global Medicinal Plants Registry
AY_255,Herboneu3,Traditional Remedy for Migraine 3,Botanicus migraine var3,"Natural Migraine Relief, Desi Chikitsa 3","Rasa: Tikta, Katu; Guna: Laghu, Ruksha","Shamana for Migraine, Balya, Balancing neurological doshas",Traditional Neurological Formulation 3,Ayush Global Medicinal Plants Registry
AY_256,Herboneu4,Traditional Remedy for Migraine 4,Botanicus migraine var4,"Natural Migraine Relief, Desi Chikitsa 4","Rasa: Tikta, Katu; Guna: Laghu, Ruksha","Shamana for Migraine, Balya, Balancing neurological doshas",Traditional Neurological Formulation 4,Ayush Global Medicinal Plants Registry
AY_257,Herboneu5,Traditional Remedy for Migraine 5,Botanicus migraine var5,"Natural Migraine Relief, Desi Chikitsa 5","Rasa: Tikta, Katu; Guna: Laghu, Ruksha","Shamana for Migraine, Balya, Balancing neurological doshas",Traditional Neurological Formulation 5,Ayush Global Medicinal Plants Registry
AY_258,Herboneu6,Traditional Remedy for Migraine 6,Botanicus migraine var6,"Natural Migraine Relief, Desi Chikitsa 6","Rasa: Tikta, Katu; Guna: Laghu, Ruksha","Shamana for Migraine, Balya, Balancing neurological doshas",Traditional Neurological Formulation 6,Ayush Global Medicinal Plants Registry
AY_259,Herboneu7,Traditional Remedy for Migraine 7,Botanicus migraine var7,"Natural Migraine Relief, Desi Chikitsa 7","Rasa: Tikta, Katu; Guna: Laghu, Ruksha","Shamana for Migraine, Balya, Balancing neurological doshas",Traditional Neurological Formulation 7,Ayush Global Medicinal Plants Registry
AY_260,Herboneu1,Traditional Remedy for Anxiety 1,Botanicus anxiety var1,"Natural Anxiety Relief, Desi Chikitsa 1","Rasa: Tikta, Katu; Guna: Laghu, Ruksha","Shamana for Anxiety, Balya, Balancing neurological doshas",Traditional Neurological Formulation 1,Ayush Global Medicinal Plants Registry
AY_261,Herboneu2,Traditional Remedy for Anxiety 2,Botanicus anxiety var2,"Natural Anxiety Relief, Desi Chikitsa 2","Rasa: Tikta, Katu; Guna: Laghu, Ruksha","Shamana for Anxiety, Balya, Balancing neurological doshas",Traditional Neurological Formulation 2,Ayush Global Medicinal Plants Registry
AY_262,Herboneu3,Traditional Remedy for Anxiety 3,Botanicus anxiety var3,"Natural Anxiety Relief, Desi Chikitsa 3","Rasa: Tikta, Katu; Guna: Laghu, Ruksha","Shamana for Anxiety, Balya, Balancing neurological doshas",Traditional Neurological Formulation 3,Ayush Global Medicinal Plants Registry
AY_263,Herboneu4,Traditional Remedy for Anxiety 4,Botanicus anxiety var4,"Natural Anxiety Relief, Desi Chikitsa 4","Rasa: Tikta, Katu; Guna: Laghu, Ruksha","Shamana for Anxiety, Balya, Balancing neurological doshas",Traditional Neurological Formulation 4,Ayush Global Medicinal Plants Registry
AY_264,Herboneu5,Traditional Remedy for Anxiety 5,Botanicus anxiety var5,"Natural Anxiety Relief, Desi Chikitsa 5","Rasa: Tikta, Katu; Guna: Laghu, Ruksha","Shamana for Anxiety, Balya, Balancing neurological doshas",Traditional Neurological Formulation 5,Ayush Global Medicinal Plants Registry
AY_265,Herboneu6,Traditional Remedy for Anxiety 6,Botanicus anxiety var6,"Natural Anxiety Relief, Desi Chikitsa 6","Rasa: Tikta, Katu; Guna: Laghu, Ruksha","Shamana for Anxiety, Balya, Balancing neurological doshas",Traditional Neurological Formulation 6,Ayush Global Medicinal Plants Registry
AY_266,Herboneu7,Traditional Remedy for Anxiety 7,Botanicus anxiety var7,"Natural Anxiety Relief, Desi Chikitsa 7","Rasa: Tikta, Katu; Guna: Laghu, Ruksha","Shamana for Anxiety, Balya, Balancing neurological doshas",Traditional Neurological Formulation 7,Ayush Global Medicinal Plants Registry
AY_267,Herboneu1,Traditional Remedy for Stress 1,Botanicus stress var1,"Natural Stress Relief, Desi Chikitsa 1","Rasa: Tikta, Katu; Guna: Laghu, Ruksha","Shamana for Stress, Balya, Balancing neurological doshas",Traditional Neurological Formulation 1,Ayush Global Medicinal Plants Registry
AY_268,Herboneu2,Traditional Remedy for Stress 2,Botanicus stress var2,"Natural Stress Relief, Desi Chikitsa 2","Rasa: Tikta, Katu; Guna: Laghu, Ruksha","Shamana for Stress, Balya, Balancing neurological doshas",Traditional Neurological Formulation 2,Ayush Global Medicinal Plants Registry
AY_269,Herboneu3,Traditional Remedy for Stress 3,Botanicus stress var3,"Natural Stress Relief, Desi Chikitsa 3","Rasa: Tikta, Katu; Guna: Laghu, Ruksha","Shamana for Stress, Balya, Balancing neurological doshas",Traditional Neurological Formulation 3,Ayush Global Medicinal Plants Registry
AY_270,Herboneu4,Traditional Remedy for Stress 4,Botanicus stress var4,"Natural Stress Relief, Desi Chikitsa 4","Rasa: Tikta, Katu; Guna: Laghu, Ruksha","Shamana for Stress, Balya, Balancing neurological doshas",Traditional Neurological Formulation 4,Ayush Global Medicinal Plants Registry
AY_271,Herboneu5,Traditional Remedy for Stress 5,Botanicus stress var5,"Natural Stress Relief, Desi Chikitsa 5","Rasa: Tikta, Katu; Guna: Laghu, Ruksha","Shamana for Stress, Balya, Balancing neurological doshas",Traditional Neurological Formulation 5,Ayush Global Medicinal Plants Registry
AY_272,Herboneu6,Traditional Remedy for Stress 6,Botanicus stress var6,"Natural Stress Relief, Desi Chikitsa 6","Rasa: Tikta, Katu; Guna: Laghu, Ruksha","Shamana for Stress, Balya, Balancing neurological doshas",Traditional Neurological Formulation 6,Ayush Global Medicinal Plants Registry
AY_273,Herboneu7,Traditional Remedy for Stress 7,Botanicus stress var7,"Natural Stress Relief, Desi Chikitsa 7","Rasa: Tikta, Katu; Guna: Laghu, Ruksha","Shamana for Stress, Balya, Balancing neurological doshas",Traditional Neurological Formulation 7,Ayush Global Medicinal Plants Registry
AY_274,Herboneu1,Traditional Remedy for Insomnia 1,Botanicus insomnia var1,"Natural Insomnia Relief, Desi Chikitsa 1","Rasa: Tikta, Katu; Guna: Laghu, Ruksha","Shamana for Insomnia, Balya, Balancing neurological doshas",Traditional Neurological Formulation 1,Ayush Global Medicinal Plants Registry
AY_275,Herboneu2,Traditional Remedy for Insomnia 2,Botanicus insomnia var2,"Natural Insomnia Relief, Desi Chikitsa 2","Rasa: Tikta, Katu; Guna: Laghu, Ruksha","Shamana for Insomnia, Balya, Balancing neurological doshas",Traditional Neurological Formulation 2,Ayush Global Medicinal Plants Registry
AY_276,Herboneu3,Traditional Remedy for Insomnia 3,Botanicus insomnia var3,"Natural Insomnia Relief, Desi Chikitsa 3","Rasa: Tikta, Katu; Guna: Laghu, Ruksha","Shamana for Insomnia, Balya, Balancing neurological doshas",Traditional Neurological Formulation 3,Ayush Global Medicinal Plants Registry
AY_277,Herboneu4,Traditional Remedy for Insomnia 4,Botanicus insomnia var4,"Natural Insomnia Relief, Desi Chikitsa 4","Rasa: Tikta, Katu; Guna: Laghu, Ruksha","Shamana for Insomnia, Balya, Balancing neurological doshas",Traditional Neurological Formulation 4,Ayush Global Medicinal Plants Registry
AY_278,Herboneu5,Traditional Remedy for Insomnia 5,Botanicus insomnia var5,"Natural Insomnia Relief, Desi Chikitsa 5","Rasa: Tikta, Katu; Guna: Laghu, Ruksha","Shamana for Insomnia, Balya, Balancing neurological doshas",Traditional Neurological Formulation 5,Ayush Global Medicinal Plants Registry
AY_279,Herboneu6,Traditional Remedy for Insomnia 6,Botanicus insomnia var6,"Natural Insomnia Relief, Desi Chikitsa 6","Rasa: Tikta, Katu; Guna: Laghu, Ruksha","Shamana for Insomnia, Balya, Balancing neurological doshas",Traditional Neurological Formulation 6,Ayush Global Medicinal Plants Registry
AY_280,Herboneu7,Traditional Remedy for Insomnia 7,Botanicus insomnia var7,"Natural Insomnia Relief, Desi Chikitsa 7","Rasa: Tikta, Katu; Guna: Laghu, Ruksha","Shamana for Insomnia, Balya, Balancing neurological doshas",Traditional Neurological Formulation 7,Ayush Global Medicinal Plants Registry
AY_281,Herboneu1,Traditional Remedy for Brain Fog 1,Botanicus brain_fog var1,"Natural Brain Fog Relief, Desi Chikitsa 1","Rasa: Tikta, Katu; Guna: Laghu, Ruksha","Shamana for Brain Fog, Balya, Balancing neurological doshas",Traditional Neurological Formulation 1,Ayush Global Medicinal Plants Registry
AY_282,Herboneu2,Traditional Remedy for Brain Fog 2,Botanicus brain_fog var2,"Natural Brain Fog Relief, Desi Chikitsa 2","Rasa: Tikta, Katu; Guna: Laghu, Ruksha","Shamana for Brain Fog, Balya, Balancing neurological doshas",Traditional Neurological Formulation 2,Ayush Global Medicinal Plants Registry
AY_283,Herboneu3,Traditional Remedy for Brain Fog 3,Botanicus brain_fog var3,"Natural Brain Fog Relief, Desi Chikitsa 3","Rasa: Tikta, Katu; Guna: Laghu, Ruksha","Shamana for Brain Fog, Balya, Balancing neurological doshas",Traditional Neurological Formulation 3,Ayush Global Medicinal Plants Registry
AY_284,Herboneu4,Traditional Remedy for Brain Fog 4,Botanicus brain_fog var4,"Natural Brain Fog Relief, Desi Chikitsa 4","Rasa: Tikta, Katu; Guna: Laghu, Ruksha","Shamana for Brain Fog, Balya, Balancing neurological doshas",Traditional Neurological Formulation 4,Ayush Global Medicinal Plants Registry
AY_285,Herboneu5,Traditional Remedy for Brain Fog 5,Botanicus brain_fog var5,"Natural Brain Fog Relief, Desi Chikitsa 5","Rasa: Tikta, Katu; Guna: Laghu, Ruksha","Shamana for Brain Fog, Balya, Balancing neurological doshas",Traditional Neurological Formulation 5,Ayush Global Medicinal Plants Registry
AY_286,Herboneu6,Traditional Remedy for Brain Fog 6,Botanicus brain_fog var6,"Natural Brain Fog Relief, Desi Chikitsa 6","Rasa: Tikta, Katu; Guna: Laghu, Ruksha","Shamana for Brain Fog, Balya, Balancing neurological doshas",Traditional Neurological Formulation 6,Ayush Global Medicinal Plants Registry
AY_287,Herboneu7,Traditional Remedy for Brain Fog 7,Botanicus brain_fog var7,"Natural Brain Fog Relief, Desi Chikitsa 7","Rasa: Tikta, Katu; Guna: Laghu, Ruksha","Shamana for Brain Fog, Balya, Balancing neurological doshas",Traditional Neurological Formulation 7,Ayush Global Medicinal Plants Registry
AY_288,Herboneu1,Traditional Remedy for Fatigue 1,Botanicus fatigue var1,"Natural Fatigue Relief, Desi Chikitsa 1","Rasa: Tikta, Katu; Guna: Laghu, Ruksha","Shamana for Fatigue, Balya, Balancing neurological doshas",Traditional Neurological Formulation 1,Ayush Global Medicinal Plants Registry
AY_289,Herboneu2,Traditional Remedy for Fatigue 2,Botanicus fatigue var2,"Natural Fatigue Relief, Desi Chikitsa 2","Rasa: Tikta, Katu; Guna: Laghu, Ruksha","Shamana for Fatigue, Balya, Balancing neurological doshas",Traditional Neurological Formulation 2,Ayush Global Medicinal Plants Registry
AY_290,Herboneu3,Traditional Remedy for Fatigue 3,Botanicus fatigue var3,"Natural Fatigue Relief, Desi Chikitsa 3","Rasa: Tikta, Katu; Guna: Laghu, Ruksha","Shamana for Fatigue, Balya, Balancing neurological doshas",Traditional Neurological Formulation 3,Ayush Global Medicinal Plants Registry
AY_291,Herboneu4,Traditional Remedy for Fatigue 4,Botanicus fatigue var4,"Natural Fatigue Relief, Desi Chikitsa 4","Rasa: Tikta, Katu; Guna: Laghu, Ruksha","Shamana for Fatigue, Balya, Balancing neurological doshas",Traditional Neurological Formulation 4,Ayush Global Medicinal Plants Registry
AY_292,Herboneu5,Traditional Remedy for Fatigue 5,Botanicus fatigue var5,"Natural Fatigue Relief, Desi Chikitsa 5","Rasa: Tikta, Katu; Guna: Laghu, Ruksha","Shamana for Fatigue, Balya, Balancing neurological doshas",Traditional Neurological Formulation 5,Ayush Global Medicinal Plants Registry
AY_293,Herboneu6,Traditional Remedy for Fatigue 6,Botanicus fatigue var6,"Natural Fatigue Relief, Desi Chikitsa 6","Rasa: Tikta, Katu; Guna: Laghu, Ruksha","Shamana for Fatigue, Balya, Balancing neurological doshas",Traditional Neurological Formulation 6,Ayush Global Medicinal Plants Registry
AY_294,Herboneu7,Traditional Remedy for Fatigue 7,Botanicus fatigue var7,"Natural Fatigue Relief, Desi Chikitsa 7","Rasa: Tikta, Katu; Guna: Laghu, Ruksha","Shamana for Fatigue, Balya, Balancing neurological doshas",Traditional Neurological Formulation 7,Ayush Global Medicinal Plants Registry
AY_295,Herboneu1,Traditional Remedy for Memory Loss 1,Botanicus memory_loss var1,"Natural Memory Loss Relief, Desi Chikitsa 1","Rasa: Tikta, Katu; Guna: Laghu, Ruksha","Shamana for Memory Loss, Balya, Balancing neurological doshas",Traditional Neurological Formulation 1,Ayush Global Medicinal Plants Registry
AY_296,Herboneu2,Traditional Remedy for Memory Loss 2,Botanicus memory_loss var2,"Natural Memory Loss Relief, Desi Chikitsa 2","Rasa: Tikta, Katu; Guna: Laghu, Ruksha","Shamana for Memory Loss, Balya, Balancing neurological doshas",Traditional Neurological Formulation 2,Ayush Global Medicinal Plants Registry
AY_297,Herboneu3,Traditional Remedy for Memory Loss 3,Botanicus memory_loss var3,"Natural Memory Loss Relief, Desi Chikitsa 3","Rasa: Tikta, Katu; Guna: Laghu, Ruksha","Shamana for Memory Loss, Balya, Balancing neurological doshas",Traditional Neurological Formulation 3,Ayush Global Medicinal Plants Registry
AY_298,Herboneu4,Traditional Remedy for Memory Loss 4,Botanicus memory_loss var4,"Natural Memory Loss Relief, Desi Chikitsa 4","Rasa: Tikta, Katu; Guna: Laghu, Ruksha","Shamana for Memory Loss, Balya, Balancing neurological doshas",Traditional Neurological Formulation 4,Ayush Global Medicinal Plants Registry
AY_299,Herboneu5,Traditional Remedy for Memory Loss 5,Botanicus memory_loss var5,"Natural Memory Loss Relief, Desi Chikitsa 5","Rasa: Tikta, Katu; Guna: Laghu, Ruksha","Shamana for Memory Loss, Balya, Balancing neurological doshas",Traditional Neurological Formulation 5,Ayush Global Medicinal Plants Registry
AY_300,Herboneu6,Traditional Remedy for Memory Loss 6,Botanicus memory_loss var6,"Natural Memory Loss Relief, Desi Chikitsa 6","Rasa: Tikta, Katu; Guna: Laghu, Ruksha","Shamana for Memory Loss, Balya, Balancing neurological doshas",Traditional Neurological Formulation 6,Ayush Global Medicinal Plants Registry
AY_301,Herboneu7,Traditional Remedy for Memory Loss 7,Botanicus memory_loss var7,"Natural Memory Loss Relief, Desi Chikitsa 7","Rasa: Tikta, Katu; Guna: Laghu, Ruksha","Shamana for Memory Loss, Balya, Balancing neurological doshas",Traditional Neurological Formulation 7,Ayush Global Medicinal Plants Registry
AY_302,Herboneu1,Traditional Remedy for Mild Vertigo 1,Botanicus mild_vertigo var1,"Natural Mild Vertigo Relief, Desi Chikitsa 1","Rasa: Tikta, Katu; Guna: Laghu, Ruksha","Shamana for Mild Vertigo, Balya, Balancing neurological doshas",Traditional Neurological Formulation 1,Ayush Global Medicinal Plants Registry
AY_303,Herboneu2,Traditional Remedy for Mild Vertigo 2,Botanicus mild_vertigo var2,"Natural Mild Vertigo Relief, Desi Chikitsa 2","Rasa: Tikta, Katu; Guna: Laghu, Ruksha","Shamana for Mild Vertigo, Balya, Balancing neurological doshas",Traditional Neurological Formulation 2,Ayush Global Medicinal Plants Registry
AY_304,Herboneu3,Traditional Remedy for Mild Vertigo 3,Botanicus mild_vertigo var3,"Natural Mild Vertigo Relief, Desi Chikitsa 3","Rasa: Tikta, Katu; Guna: Laghu, Ruksha","Shamana for Mild Vertigo, Balya, Balancing neurological doshas",Traditional Neurological Formulation 3,Ayush Global Medicinal Plants Registry
AY_305,Herboneu4,Traditional Remedy for Mild Vertigo 4,Botanicus mild_vertigo var4,"Natural Mild Vertigo Relief, Desi Chikitsa 4","Rasa: Tikta, Katu; Guna: Laghu, Ruksha","Shamana for Mild Vertigo, Balya, Balancing neurological doshas",Traditional Neurological Formulation 4,Ayush Global Medicinal Plants Registry
AY_306,Herboneu5,Traditional Remedy for Mild Vertigo 5,Botanicus mild_vertigo var5,"Natural Mild Vertigo Relief, Desi Chikitsa 5","Rasa: Tikta, Katu; Guna: Laghu, Ruksha","Shamana for Mild Vertigo, Balya, Balancing neurological doshas",Traditional Neurological Formulation 5,Ayush Global Medicinal Plants Registry
AY_307,Herboneu6,Traditional Remedy for Mild Vertigo 6,Botanicus mild_vertigo var6,"Natural Mild Vertigo Relief, Desi Chikitsa 6","Rasa: Tikta, Katu; Guna: Laghu, Ruksha","Shamana for Mild Vertigo, Balya, Balancing neurological doshas",Traditional Neurological Formulation 6,Ayush Global Medicinal Plants Registry
AY_308,Herboneu7,Traditional Remedy for Mild Vertigo 7,Botanicus mild_vertigo var7,"Natural Mild Vertigo Relief, Desi Chikitsa 7","Rasa: Tikta, Katu; Guna: Laghu, Ruksha","Shamana for Mild Vertigo, Balya, Balancing neurological doshas",Traditional Neurological Formulation 7,Ayush Global Medicinal Plants Registry
AY_309,Herbomus1,Traditional Remedy for Joint Pain 1,Botanicus joint_pain var1,"Natural Joint Pain Relief, Desi Chikitsa 1","Rasa: Tikta, Katu; Guna: Laghu, Ruksha","Shamana for Joint Pain, Balya, Balancing musculoskeletal doshas",Traditional Musculoskeletal Formulation 1,Ayush Global Medicinal Plants Registry
AY_310,Herbomus2,Traditional Remedy for Joint Pain 2,Botanicus joint_pain var2,"Natural Joint Pain Relief, Desi Chikitsa 2","Rasa: Tikta, Katu; Guna: Laghu, Ruksha","Shamana for Joint Pain, Balya, Balancing musculoskeletal doshas",Traditional Musculoskeletal Formulation 2,Ayush Global Medicinal Plants Registry
AY_311,Herbomus3,Traditional Remedy for Joint Pain 3,Botanicus joint_pain var3,"Natural Joint Pain Relief, Desi Chikitsa 3","Rasa: Tikta, Katu; Guna: Laghu, Ruksha","Shamana for Joint Pain, Balya, Balancing musculoskeletal doshas",Traditional Musculoskeletal Formulation 3,Ayush Global Medicinal Plants Registry
AY_312,Herbomus4,Traditional Remedy for Joint Pain 4,Botanicus joint_pain var4,"Natural Joint Pain Relief, Desi Chikitsa 4","Rasa: Tikta, Katu; Guna: Laghu, Ruksha","Shamana for Joint Pain, Balya, Balancing musculoskeletal doshas",Traditional Musculoskeletal Formulation 4,Ayush Global Medicinal Plants Registry
AY_313,Herbomus5,Traditional Remedy for Joint Pain 5,Botanicus joint_pain var5,"Natural Joint Pain Relief, Desi Chikitsa 5","Rasa: Tikta, Katu; Guna: Laghu, Ruksha","Shamana for Joint Pain, Balya, Balancing musculoskeletal doshas",Traditional Musculoskeletal Formulation 5,Ayush Global Medicinal Plants Registry
AY_314,Herbomus6,Traditional Remedy for Joint Pain 6,Botanicus joint_pain var6,"Natural Joint Pain Relief, Desi Chikitsa 6","Rasa: Tikta, Katu; Guna: Laghu, Ruksha","Shamana for Joint Pain, Balya, Balancing musculoskeletal doshas",Traditional Musculoskeletal Formulation 6,Ayush Global Medicinal Plants Registry
AY_315,Herbomus7,Traditional Remedy for Joint Pain 7,Botanicus joint_pain var7,"Natural Joint Pain Relief, Desi Chikitsa 7","Rasa: Tikta, Katu; Guna: Laghu, Ruksha","Shamana for Joint Pain, Balya, Balancing musculoskeletal doshas",Traditional Musculoskeletal Formulation 7,Ayush Global Medicinal Plants Registry
AY_316,Herbomus1,Traditional Remedy for Muscle Soreness 1,Botanicus muscle_soreness var1,"Natural Muscle Soreness Relief, Desi Chikitsa 1","Rasa: Tikta, Katu; Guna: Laghu, Ruksha","Shamana for Muscle Soreness, Balya, Balancing musculoskeletal doshas",Traditional Musculoskeletal Formulation 1,Ayush Global Medicinal Plants Registry
AY_317,Herbomus2,Traditional Remedy for Muscle Soreness 2,Botanicus muscle_soreness var2,"Natural Muscle Soreness Relief, Desi Chikitsa 2","Rasa: Tikta, Katu; Guna: Laghu, Ruksha","Shamana for Muscle Soreness, Balya, Balancing musculoskeletal doshas",Traditional Musculoskeletal Formulation 2,Ayush Global Medicinal Plants Registry
AY_318,Herbomus3,Traditional Remedy for Muscle Soreness 3,Botanicus muscle_soreness var3,"Natural Muscle Soreness Relief, Desi Chikitsa 3","Rasa: Tikta, Katu; Guna: Laghu, Ruksha","Shamana for Muscle Soreness, Balya, Balancing musculoskeletal doshas",Traditional Musculoskeletal Formulation 3,Ayush Global Medicinal Plants Registry
AY_319,Herbomus4,Traditional Remedy for Muscle Soreness 4,Botanicus muscle_soreness var4,"Natural Muscle Soreness Relief, Desi Chikitsa 4","Rasa: Tikta, Katu; Guna: Laghu, Ruksha","Shamana for Muscle Soreness, Balya, Balancing musculoskeletal doshas",Traditional Musculoskeletal Formulation 4,Ayush Global Medicinal Plants Registry
AY_320,Herbomus5,Traditional Remedy for Muscle Soreness 5,Botanicus muscle_soreness var5,"Natural Muscle Soreness Relief, Desi Chikitsa 5","Rasa: Tikta, Katu; Guna: Laghu, Ruksha","Shamana for Muscle Soreness, Balya, Balancing musculoskeletal doshas",Traditional Musculoskeletal Formulation 5,Ayush Global Medicinal Plants Registry
AY_321,Herbomus6,Traditional Remedy for Muscle Soreness 6,Botanicus muscle_soreness var6,"Natural Muscle Soreness Relief, Desi Chikitsa 6","Rasa: Tikta, Katu; Guna: Laghu, Ruksha","Shamana for Muscle Soreness, Balya, Balancing musculoskeletal doshas",Traditional Musculoskeletal Formulation 6,Ayush Global Medicinal Plants Registry
AY_322,Herbomus7,Traditional Remedy for Muscle Soreness 7,Botanicus muscle_soreness var7,"Natural Muscle Soreness Relief, Desi Chikitsa 7","Rasa: Tikta, Katu; Guna: Laghu, Ruksha","Shamana for Muscle Soreness, Balya, Balancing musculoskeletal doshas",Traditional Musculoskeletal Formulation 7,Ayush Global Medicinal Plants Registry
AY_323,Herbomus1,Traditional Remedy for Arthritis Stiffness 1,Botanicus arthritis_stiffness var1,"Natural Arthritis Stiffness Relief, Desi Chikitsa 1","Rasa: Tikta, Katu; Guna: Laghu, Ruksha","Shamana for Arthritis Stiffness, Balya, Balancing musculoskeletal doshas",Traditional Musculoskeletal Formulation 1,Ayush Global Medicinal Plants Registry
AY_324,Herbomus2,Traditional Remedy for Arthritis Stiffness 2,Botanicus arthritis_stiffness var2,"Natural Arthritis Stiffness Relief, Desi Chikitsa 2","Rasa: Tikta, Katu; Guna: Laghu, Ruksha","Shamana for Arthritis Stiffness, Balya, Balancing musculoskeletal doshas",Traditional Musculoskeletal Formulation 2,Ayush Global Medicinal Plants Registry
AY_325,Herbomus3,Traditional Remedy for Arthritis Stiffness 3,Botanicus arthritis_stiffness var3,"Natural Arthritis Stiffness Relief, Desi Chikitsa 3","Rasa: Tikta, Katu; Guna: Laghu, Ruksha","Shamana for Arthritis Stiffness, Balya, Balancing musculoskeletal doshas",Traditional Musculoskeletal Formulation 3,Ayush Global Medicinal Plants Registry
AY_326,Herbomus4,Traditional Remedy for Arthritis Stiffness 4,Botanicus arthritis_stiffness var4,"Natural Arthritis Stiffness Relief, Desi Chikitsa 4","Rasa: Tikta, Katu; Guna: Laghu, Ruksha","Shamana for Arthritis Stiffness, Balya, Balancing musculoskeletal doshas",Traditional Musculoskeletal Formulation 4,Ayush Global Medicinal Plants Registry
AY_327,Herbomus5,Traditional Remedy for Arthritis Stiffness 5,Botanicus arthritis_stiffness var5,"Natural Arthritis Stiffness Relief, Desi Chikitsa 5","Rasa: Tikta, Katu; Guna: Laghu, Ruksha","Shamana for Arthritis Stiffness, Balya, Balancing musculoskeletal doshas",Traditional Musculoskeletal Formulation 5,Ayush Global Medicinal Plants Registry
AY_328,Herbomus6,Traditional Remedy for Arthritis Stiffness 6,Botanicus arthritis_stiffness var6,"Natural Arthritis Stiffness Relief, Desi Chikitsa 6","Rasa: Tikta, Katu; Guna: Laghu, Ruksha","Shamana for Arthritis Stiffness, Balya, Balancing musculoskeletal doshas",Traditional Musculoskeletal Formulation 6,Ayush Global Medicinal Plants Registry
AY_329,Herbomus7,Traditional Remedy for Arthritis Stiffness 7,Botanicus arthritis_stiffness var7,"Natural Arthritis Stiffness Relief, Desi Chikitsa 7","Rasa: Tikta, Katu; Guna: Laghu, Ruksha","Shamana for Arthritis Stiffness, Balya, Balancing musculoskeletal doshas",Traditional Musculoskeletal Formulation 7,Ayush Global Medicinal Plants Registry
AY_330,Herbomus1,Traditional Remedy for Back Pain 1,Botanicus back_pain var1,"Natural Back Pain Relief, Desi Chikitsa 1","Rasa: Tikta, Katu; Guna: Laghu, Ruksha","Shamana for Back Pain, Balya, Balancing musculoskeletal doshas",Traditional Musculoskeletal Formulation 1,Ayush Global Medicinal Plants Registry
AY_331,Herbomus2,Traditional Remedy for Back Pain 2,Botanicus back_pain var2,"Natural Back Pain Relief, Desi Chikitsa 2","Rasa: Tikta, Katu; Guna: Laghu, Ruksha","Shamana for Back Pain, Balya, Balancing musculoskeletal doshas",Traditional Musculoskeletal Formulation 2,Ayush Global Medicinal Plants Registry
AY_332,Herbomus3,Traditional Remedy for Back Pain 3,Botanicus back_pain var3,"Natural Back Pain Relief, Desi Chikitsa 3","Rasa: Tikta, Katu; Guna: Laghu, Ruksha","Shamana for Back Pain, Balya, Balancing musculoskeletal doshas",Traditional Musculoskeletal Formulation 3,Ayush Global Medicinal Plants Registry
AY_333,Herbomus4,Traditional Remedy for Back Pain 4,Botanicus back_pain var4,"Natural Back Pain Relief, Desi Chikitsa 4","Rasa: Tikta, Katu; Guna: Laghu, Ruksha","Shamana for Back Pain, Balya, Balancing musculoskeletal doshas",Traditional Musculoskeletal Formulation 4,Ayush Global Medicinal Plants Registry
AY_334,Herbomus5,Traditional Remedy for Back Pain 5,Botanicus back_pain var5,"Natural Back Pain Relief, Desi Chikitsa 5","Rasa: Tikta, Katu; Guna: Laghu, Ruksha","Shamana for Back Pain, Balya, Balancing musculoskeletal doshas",Traditional Musculoskeletal Formulation 5,Ayush Global Medicinal Plants Registry
AY_335,Herbomus6,Traditional Remedy for Back Pain 6,Botanicus back_pain var6,"Natural Back Pain Relief, Desi Chikitsa 6","Rasa: Tikta, Katu; Guna: Laghu, Ruksha","Shamana for Back Pain, Balya, Balancing musculoskeletal doshas",Traditional Musculoskeletal Formulation 6,Ayush Global Medicinal Plants Registry
AY_336,Herbomus7,Traditional Remedy for Back Pain 7,Botanicus back_pain var7,"Natural Back Pain Relief, Desi Chikitsa 7","Rasa: Tikta, Katu; Guna: Laghu, Ruksha","Shamana for Back Pain, Balya, Balancing musculoskeletal doshas",Traditional Musculoskeletal Formulation 7,Ayush Global Medicinal Plants Registry
AY_337,Herbomus1,Traditional Remedy for Neck Pain 1,Botanicus neck_pain var1,"Natural Neck Pain Relief, Desi Chikitsa 1","Rasa: Tikta, Katu; Guna: Laghu, Ruksha","Shamana for Neck Pain, Balya, Balancing musculoskeletal doshas",Traditional Musculoskeletal Formulation 1,Ayush Global Medicinal Plants Registry
AY_338,Herbomus2,Traditional Remedy for Neck Pain 2,Botanicus neck_pain var2,"Natural Neck Pain Relief, Desi Chikitsa 2","Rasa: Tikta, Katu; Guna: Laghu, Ruksha","Shamana for Neck Pain, Balya, Balancing musculoskeletal doshas",Traditional Musculoskeletal Formulation 2,Ayush Global Medicinal Plants Registry
AY_339,Herbomus3,Traditional Remedy for Neck Pain 3,Botanicus neck_pain var3,"Natural Neck Pain Relief, Desi Chikitsa 3","Rasa: Tikta, Katu; Guna: Laghu, Ruksha","Shamana for Neck Pain, Balya, Balancing musculoskeletal doshas",Traditional Musculoskeletal Formulation 3,Ayush Global Medicinal Plants Registry
AY_340,Herbomus4,Traditional Remedy for Neck Pain 4,Botanicus neck_pain var4,"Natural Neck Pain Relief, Desi Chikitsa 4","Rasa: Tikta, Katu; Guna: Laghu, Ruksha","Shamana for Neck Pain, Balya, Balancing musculoskeletal doshas",Traditional Musculoskeletal Formulation 4,Ayush Global Medicinal Plants Registry
AY_341,Herbomus5,Traditional Remedy for Neck Pain 5,Botanicus neck_pain var5,"Natural Neck Pain Relief, Desi Chikitsa 5","Rasa: Tikta, Katu; Guna: Laghu, Ruksha","Shamana for Neck Pain, Balya, Balancing musculoskeletal doshas",Traditional Musculoskeletal Formulation 5,Ayush Global Medicinal Plants Registry
AY_342,Herbomus6,Traditional Remedy for Neck Pain 6,Botanicus neck_pain var6,"Natural Neck Pain Relief, Desi Chikitsa 6","Rasa: Tikta, Katu; Guna: Laghu, Ruksha","Shamana for Neck Pain, Balya, Balancing musculoskeletal doshas",Traditional Musculoskeletal Formulation 6,Ayush Global Medicinal Plants Registry
AY_343,Herbomus7,Traditional Remedy for Neck Pain 7,Botanicus neck_pain var7,"Natural Neck Pain Relief, Desi Chikitsa 7","Rasa: Tikta, Katu; Guna: Laghu, Ruksha","Shamana for Neck Pain, Balya, Balancing musculoskeletal doshas",Traditional Musculoskeletal Formulation 7,Ayush Global Medicinal Plants Registry
AY_344,Herbomus1,Traditional Remedy for Inflammation 1,Botanicus inflammation var1,"Natural Inflammation Relief, Desi Chikitsa 1","Rasa: Tikta, Katu; Guna: Laghu, Ruksha","Shamana for Inflammation, Balya, Balancing musculoskeletal doshas",Traditional Musculoskeletal Formulation 1,Ayush Global Medicinal Plants Registry
AY_345,Herbomus2,Traditional Remedy for Inflammation 2,Botanicus inflammation var2,"Natural Inflammation Relief, Desi Chikitsa 2","Rasa: Tikta, Katu; Guna: Laghu, Ruksha","Shamana for Inflammation, Balya, Balancing musculoskeletal doshas",Traditional Musculoskeletal Formulation 2,Ayush Global Medicinal Plants Registry
AY_346,Herbomus3,Traditional Remedy for Inflammation 3,Botanicus inflammation var3,"Natural Inflammation Relief, Desi Chikitsa 3","Rasa: Tikta, Katu; Guna: Laghu, Ruksha","Shamana for Inflammation, Balya, Balancing musculoskeletal doshas",Traditional Musculoskeletal Formulation 3,Ayush Global Medicinal Plants Registry
AY_347,Herbomus4,Traditional Remedy for Inflammation 4,Botanicus inflammation var4,"Natural Inflammation Relief, Desi Chikitsa 4","Rasa: Tikta, Katu; Guna: Laghu, Ruksha","Shamana for Inflammation, Balya, Balancing musculoskeletal doshas",Traditional Musculoskeletal Formulation 4,Ayush Global Medicinal Plants Registry
AY_348,Herbomus5,Traditional Remedy for Inflammation 5,Botanicus inflammation var5,"Natural Inflammation Relief, Desi Chikitsa 5","Rasa: Tikta, Katu; Guna: Laghu, Ruksha","Shamana for Inflammation, Balya, Balancing musculoskeletal doshas",Traditional Musculoskeletal Formulation 5,Ayush Global Medicinal Plants Registry
AY_349,Herbomus6,Traditional Remedy for Inflammation 6,Botanicus inflammation var6,"Natural Inflammation Relief, Desi Chikitsa 6","Rasa: Tikta, Katu; Guna: Laghu, Ruksha","Shamana for Inflammation, Balya, Balancing musculoskeletal doshas",Traditional Musculoskeletal Formulation 6,Ayush Global Medicinal Plants Registry
AY_350,Herbomus7,Traditional Remedy for Inflammation 7,Botanicus inflammation var7,"Natural Inflammation Relief, Desi Chikitsa 7","Rasa: Tikta, Katu; Guna: Laghu, Ruksha","Shamana for Inflammation, Balya, Balancing musculoskeletal doshas",Traditional Musculoskeletal Formulation 7,Ayush Global Medicinal Plants Registry
AY_351,Herbomus1,Traditional Remedy for Sprains 1,Botanicus sprains var1,"Natural Sprains Relief, Desi Chikitsa 1","Rasa: Tikta, Katu; Guna: Laghu, Ruksha","Shamana for Sprains, Balya, Balancing musculoskeletal doshas",Traditional Musculoskeletal Formulation 1,Ayush Global Medicinal Plants Registry
AY_352,Herbomus2,Traditional Remedy for Sprains 2,Botanicus sprains var2,"Natural Sprains Relief, Desi Chikitsa 2","Rasa: Tikta, Katu; Guna: Laghu, Ruksha","Shamana for Sprains, Balya, Balancing musculoskeletal doshas",Traditional Musculoskeletal Formulation 2,Ayush Global Medicinal Plants Registry
AY_353,Herbomus3,Traditional Remedy for Sprains 3,Botanicus sprains var3,"Natural Sprains Relief, Desi Chikitsa 3","Rasa: Tikta, Katu; Guna: Laghu, Ruksha","Shamana for Sprains, Balya, Balancing musculoskeletal doshas",Traditional Musculoskeletal Formulation 3,Ayush Global Medicinal Plants Registry
AY_354,Herbomus4,Traditional Remedy for Sprains 4,Botanicus sprains var4,"Natural Sprains Relief, Desi Chikitsa 4","Rasa: Tikta, Katu; Guna: Laghu, Ruksha","Shamana for Sprains, Balya, Balancing musculoskeletal doshas",Traditional Musculoskeletal Formulation 4,Ayush Global Medicinal Plants Registry
AY_355,Herbomus5,Traditional Remedy for Sprains 5,Botanicus sprains var5,"Natural Sprains Relief, Desi Chikitsa 5","Rasa: Tikta, Katu; Guna: Laghu, Ruksha","Shamana for Sprains, Balya, Balancing musculoskeletal doshas",Traditional Musculoskeletal Formulation 5,Ayush Global Medicinal Plants Registry
AY_356,Herbomus6,Traditional Remedy for Sprains 6,Botanicus sprains var6,"Natural Sprains Relief, Desi Chikitsa 6","Rasa: Tikta, Katu; Guna: Laghu, Ruksha","Shamana for Sprains, Balya, Balancing musculoskeletal doshas",Traditional Musculoskeletal Formulation 6,Ayush Global Medicinal Plants Registry
AY_357,Herbomus7,Traditional Remedy for Sprains 7,Botanicus sprains var7,"Natural Sprains Relief, Desi Chikitsa 7","Rasa: Tikta, Katu; Guna: Laghu, Ruksha","Shamana for Sprains, Balya, Balancing musculoskeletal doshas",Traditional Musculoskeletal Formulation 7,Ayush Global Medicinal Plants Registry
AY_358,Herbomus1,Traditional Remedy for Muscle Spasms 1,Botanicus muscle_spasms var1,"Natural Muscle Spasms Relief, Desi Chikitsa 1","Rasa: Tikta, Katu; Guna: Laghu, Ruksha","Shamana for Muscle Spasms, Balya, Balancing musculoskeletal doshas",Traditional Musculoskeletal Formulation 1,Ayush Global Medicinal Plants Registry
AY_359,Herbomus2,Traditional Remedy for Muscle Spasms 2,Botanicus muscle_spasms var2,"Natural Muscle Spasms Relief, Desi Chikitsa 2","Rasa: Tikta, Katu; Guna: Laghu, Ruksha","Shamana for Muscle Spasms, Balya, Balancing musculoskeletal doshas",Traditional Musculoskeletal Formulation 2,Ayush Global Medicinal Plants Registry
AY_360,Herbomus3,Traditional Remedy for Muscle Spasms 3,Botanicus muscle_spasms var3,"Natural Muscle Spasms Relief, Desi Chikitsa 3","Rasa: Tikta, Katu; Guna: Laghu, Ruksha","Shamana for Muscle Spasms, Balya, Balancing musculoskeletal doshas",Traditional Musculoskeletal Formulation 3,Ayush Global Medicinal Plants Registry
AY_361,Herbomus4,Traditional Remedy for Muscle Spasms 4,Botanicus muscle_spasms var4,"Natural Muscle Spasms Relief, Desi Chikitsa 4","Rasa: Tikta, Katu; Guna: Laghu, Ruksha","Shamana for Muscle Spasms, Balya, Balancing musculoskeletal doshas",Traditional Musculoskeletal Formulation 4,Ayush Global Medicinal Plants Registry
AY_362,Herbomus5,Traditional Remedy for Muscle Spasms 5,Botanicus muscle_spasms var5,"Natural Muscle Spasms Relief, Desi Chikitsa 5","Rasa: Tikta, Katu; Guna: Laghu, Ruksha","Shamana for Muscle Spasms, Balya, Balancing musculoskeletal doshas",Traditional Musculoskeletal Formulation 5,Ayush Global Medicinal Plants Registry
AY_363,Herbomus6,Traditional Remedy for Muscle Spasms 6,Botanicus muscle_spasms var6,"Natural Muscle Spasms Relief, Desi Chikitsa 6","Rasa: Tikta, Katu; Guna: Laghu, Ruksha","Shamana for Muscle Spasms, Balya, Balancing musculoskeletal doshas",Traditional Musculoskeletal Formulation 6,Ayush Global Medicinal Plants Registry
AY_364,Herbomus7,Traditional Remedy for Muscle Spasms 7,Botanicus muscle_spasms var7,"Natural Muscle Spasms Relief, Desi Chikitsa 7","Rasa: Tikta, Katu; Guna: Laghu, Ruksha","Shamana for Muscle Spasms, Balya, Balancing musculoskeletal doshas",Traditional Musculoskeletal Formulation 7,Ayush Global Medicinal Plants Registry
AY_365,Herboder1,Traditional Remedy for Skin Itching 1,Botanicus skin_itching var1,"Natural Skin Itching Relief, Desi Chikitsa 1","Rasa: Tikta, Katu; Guna: Laghu, Ruksha","Shamana for Skin Itching, Balya, Balancing dermatological doshas",Traditional Dermatological Formulation 1,Ayush Global Medicinal Plants Registry
AY_366,Herboder2,Traditional Remedy for Skin Itching 2,Botanicus skin_itching var2,"Natural Skin Itching Relief, Desi Chikitsa 2","Rasa: Tikta, Katu; Guna: Laghu, Ruksha","Shamana for Skin Itching, Balya, Balancing dermatological doshas",Traditional Dermatological Formulation 2,Ayush Global Medicinal Plants Registry
AY_367,Herboder3,Traditional Remedy for Skin Itching 3,Botanicus skin_itching var3,"Natural Skin Itching Relief, Desi Chikitsa 3","Rasa: Tikta, Katu; Guna: Laghu, Ruksha","Shamana for Skin Itching, Balya, Balancing dermatological doshas",Traditional Dermatological Formulation 3,Ayush Global Medicinal Plants Registry
AY_368,Herboder4,Traditional Remedy for Skin Itching 4,Botanicus skin_itching var4,"Natural Skin Itching Relief, Desi Chikitsa 4","Rasa: Tikta, Katu; Guna: Laghu, Ruksha","Shamana for Skin Itching, Balya, Balancing dermatological doshas",Traditional Dermatological Formulation 4,Ayush Global Medicinal Plants Registry
AY_369,Herboder5,Traditional Remedy for Skin Itching 5,Botanicus skin_itching var5,"Natural Skin Itching Relief, Desi Chikitsa 5","Rasa: Tikta, Katu; Guna: Laghu, Ruksha","Shamana for Skin Itching, Balya, Balancing dermatological doshas",Traditional Dermatological Formulation 5,Ayush Global Medicinal Plants Registry
AY_370,Herboder6,Traditional Remedy for Skin Itching 6,Botanicus skin_itching var6,"Natural Skin Itching Relief, Desi Chikitsa 6","Rasa: Tikta, Katu; Guna: Laghu, Ruksha","Shamana for Skin Itching, Balya, Balancing dermatological doshas",Traditional Dermatological Formulation 6,Ayush Global Medicinal Plants Registry
AY_371,Herboder7,Traditional Remedy for Skin Itching 7,Botanicus skin_itching var7,"Natural Skin Itching Relief, Desi Chikitsa 7","Rasa: Tikta, Katu; Guna: Laghu, Ruksha","Shamana for Skin Itching, Balya, Balancing dermatological doshas",Traditional Dermatological Formulation 7,Ayush Global Medicinal Plants Registry
AY_372,Herboder1,Traditional Remedy for Acne 1,Botanicus acne var1,"Natural Acne Relief, Desi Chikitsa 1","Rasa: Tikta, Katu; Guna: Laghu, Ruksha","Shamana for Acne, Balya, Balancing dermatological doshas",Traditional Dermatological Formulation 1,Ayush Global Medicinal Plants Registry
AY_373,Herboder2,Traditional Remedy for Acne 2,Botanicus acne var2,"Natural Acne Relief, Desi Chikitsa 2","Rasa: Tikta, Katu; Guna: Laghu, Ruksha","Shamana for Acne, Balya, Balancing dermatological doshas",Traditional Dermatological Formulation 2,Ayush Global Medicinal Plants Registry
AY_374,Herboder3,Traditional Remedy for Acne 3,Botanicus acne var3,"Natural Acne Relief, Desi Chikitsa 3","Rasa: Tikta, Katu; Guna: Laghu, Ruksha","Shamana for Acne, Balya, Balancing dermatological doshas",Traditional Dermatological Formulation 3,Ayush Global Medicinal Plants Registry
AY_375,Herboder4,Traditional Remedy for Acne 4,Botanicus acne var4,"Natural Acne Relief, Desi Chikitsa 4","Rasa: Tikta, Katu; Guna: Laghu, Ruksha","Shamana for Acne, Balya, Balancing dermatological doshas",Traditional Dermatological Formulation 4,Ayush Global Medicinal Plants Registry
AY_376,Herboder5,Traditional Remedy for Acne 5,Botanicus acne var5,"Natural Acne Relief, Desi Chikitsa 5","Rasa: Tikta, Katu; Guna: Laghu, Ruksha","Shamana for Acne, Balya, Balancing dermatological doshas",Traditional Dermatological Formulation 5,Ayush Global Medicinal Plants Registry
AY_377,Herboder6,Traditional Remedy for Acne 6,Botanicus acne var6,"Natural Acne Relief, Desi Chikitsa 6","Rasa: Tikta, Katu; Guna: Laghu, Ruksha","Shamana for Acne, Balya, Balancing dermatological doshas",Traditional Dermatological Formulation 6,Ayush Global Medicinal Plants Registry
AY_378,Herboder7,Traditional Remedy for Acne 7,Botanicus acne var7,"Natural Acne Relief, Desi Chikitsa 7","Rasa: Tikta, Katu; Guna: Laghu, Ruksha","Shamana for Acne, Balya, Balancing dermatological doshas",Traditional Dermatological Formulation 7,Ayush Global Medicinal Plants Registry
AY_379,Herboder1,Traditional Remedy for Eczema Flare 1,Botanicus eczema_flare var1,"Natural Eczema Flare Relief, Desi Chikitsa 1","Rasa: Tikta, Katu; Guna: Laghu, Ruksha","Shamana for Eczema Flare, Balya, Balancing dermatological doshas",Traditional Dermatological Formulation 1,Ayush Global Medicinal Plants Registry
AY_380,Herboder2,Traditional Remedy for Eczema Flare 2,Botanicus eczema_flare var2,"Natural Eczema Flare Relief, Desi Chikitsa 2","Rasa: Tikta, Katu; Guna: Laghu, Ruksha","Shamana for Eczema Flare, Balya, Balancing dermatological doshas",Traditional Dermatological Formulation 2,Ayush Global Medicinal Plants Registry
AY_381,Herboder3,Traditional Remedy for Eczema Flare 3,Botanicus eczema_flare var3,"Natural Eczema Flare Relief, Desi Chikitsa 3","Rasa: Tikta, Katu; Guna: Laghu, Ruksha","Shamana for Eczema Flare, Balya, Balancing dermatological doshas",Traditional Dermatological Formulation 3,Ayush Global Medicinal Plants Registry
AY_382,Herboder4,Traditional Remedy for Eczema Flare 4,Botanicus eczema_flare var4,"Natural Eczema Flare Relief, Desi Chikitsa 4","Rasa: Tikta, Katu; Guna: Laghu, Ruksha","Shamana for Eczema Flare, Balya, Balancing dermatological doshas",Traditional Dermatological Formulation 4,Ayush Global Medicinal Plants Registry
AY_383,Herboder5,Traditional Remedy for Eczema Flare 5,Botanicus eczema_flare var5,"Natural Eczema Flare Relief, Desi Chikitsa 5","Rasa: Tikta, Katu; Guna: Laghu, Ruksha","Shamana for Eczema Flare, Balya, Balancing dermatological doshas",Traditional Dermatological Formulation 5,Ayush Global Medicinal Plants Registry
AY_384,Herboder6,Traditional Remedy for Eczema Flare 6,Botanicus eczema_flare var6,"Natural Eczema Flare Relief, Desi Chikitsa 6","Rasa: Tikta, Katu; Guna: Laghu, Ruksha","Shamana for Eczema Flare, Balya, Balancing dermatological doshas",Traditional Dermatological Formulation 6,Ayush Global Medicinal Plants Registry
AY_385,Herboder7,Traditional Remedy for Eczema Flare 7,Botanicus eczema_flare var7,"Natural Eczema Flare Relief, Desi Chikitsa 7","Rasa: Tikta, Katu; Guna: Laghu, Ruksha","Shamana for Eczema Flare, Balya, Balancing dermatological doshas",Traditional Dermatological Formulation 7,Ayush Global Medicinal Plants Registry
AY_386,Herboder1,Traditional Remedy for Dry Skin 1,Botanicus dry_skin var1,"Natural Dry Skin Relief, Desi Chikitsa 1","Rasa: Tikta, Katu; Guna: Laghu, Ruksha","Shamana for Dry Skin, Balya, Balancing dermatological doshas",Traditional Dermatological Formulation 1,Ayush Global Medicinal Plants Registry
AY_387,Herboder2,Traditional Remedy for Dry Skin 2,Botanicus dry_skin var2,"Natural Dry Skin Relief, Desi Chikitsa 2","Rasa: Tikta, Katu; Guna: Laghu, Ruksha","Shamana for Dry Skin, Balya, Balancing dermatological doshas",Traditional Dermatological Formulation 2,Ayush Global Medicinal Plants Registry
AY_388,Herboder3,Traditional Remedy for Dry Skin 3,Botanicus dry_skin var3,"Natural Dry Skin Relief, Desi Chikitsa 3","Rasa: Tikta, Katu; Guna: Laghu, Ruksha","Shamana for Dry Skin, Balya, Balancing dermatological doshas",Traditional Dermatological Formulation 3,Ayush Global Medicinal Plants Registry
AY_389,Herboder4,Traditional Remedy for Dry Skin 4,Botanicus dry_skin var4,"Natural Dry Skin Relief, Desi Chikitsa 4","Rasa: Tikta, Katu; Guna: Laghu, Ruksha","Shamana for Dry Skin, Balya, Balancing dermatological doshas",Traditional Dermatological Formulation 4,Ayush Global Medicinal Plants Registry
AY_390,Herboder5,Traditional Remedy for Dry Skin 5,Botanicus dry_skin var5,"Natural Dry Skin Relief, Desi Chikitsa 5","Rasa: Tikta, Katu; Guna: Laghu, Ruksha","Shamana for Dry Skin, Balya, Balancing dermatological doshas",Traditional Dermatological Formulation 5,Ayush Global Medicinal Plants Registry
AY_391,Herboder6,Traditional Remedy for Dry Skin 6,Botanicus dry_skin var6,"Natural Dry Skin Relief, Desi Chikitsa 6","Rasa: Tikta, Katu; Guna: Laghu, Ruksha","Shamana for Dry Skin, Balya, Balancing dermatological doshas",Traditional Dermatological Formulation 6,Ayush Global Medicinal Plants Registry
AY_392,Herboder7,Traditional Remedy for Dry Skin 7,Botanicus dry_skin var7,"Natural Dry Skin Relief, Desi Chikitsa 7","Rasa: Tikta, Katu; Guna: Laghu, Ruksha","Shamana for Dry Skin, Balya, Balancing dermatological doshas",Traditional Dermatological Formulation 7,Ayush Global Medicinal Plants Registry
AY_393,Herboder1,Traditional Remedy for Wounds 1,Botanicus wounds var1,"Natural Wounds Relief, Desi Chikitsa 1","Rasa: Tikta, Katu; Guna: Laghu, Ruksha","Shamana for Wounds, Balya, Balancing dermatological doshas",Traditional Dermatological Formulation 1,Ayush Global Medicinal Plants Registry
AY_394,Herboder2,Traditional Remedy for Wounds 2,Botanicus wounds var2,"Natural Wounds Relief, Desi Chikitsa 2","Rasa: Tikta, Katu; Guna: Laghu, Ruksha","Shamana for Wounds, Balya, Balancing dermatological doshas",Traditional Dermatological Formulation 2,Ayush Global Medicinal Plants Registry
AY_395,Herboder3,Traditional Remedy for Wounds 3,Botanicus wounds var3,"Natural Wounds Relief, Desi Chikitsa 3","Rasa: Tikta, Katu; Guna: Laghu, Ruksha","Shamana for Wounds, Balya, Balancing dermatological doshas",Traditional Dermatological Formulation 3,Ayush Global Medicinal Plants Registry
AY_396,Herboder4,Traditional Remedy for Wounds 4,Botanicus wounds var4,"Natural Wounds Relief, Desi Chikitsa 4","Rasa: Tikta, Katu; Guna: Laghu, Ruksha","Shamana for Wounds, Balya, Balancing dermatological doshas",Traditional Dermatological Formulation 4,Ayush Global Medicinal Plants Registry
AY_397,Herboder5,Traditional Remedy for Wounds 5,Botanicus wounds var5,"Natural Wounds Relief, Desi Chikitsa 5","Rasa: Tikta, Katu; Guna: Laghu, Ruksha","Shamana for Wounds, Balya, Balancing dermatological doshas",Traditional Dermatological Formulation 5,Ayush Global Medicinal Plants Registry
AY_398,Herboder6,Traditional Remedy for Wounds 6,Botanicus wounds var6,"Natural Wounds Relief, Desi Chikitsa 6","Rasa: Tikta, Katu; Guna: Laghu, Ruksha","Shamana for Wounds, Balya, Balancing dermatological doshas",Traditional Dermatological Formulation 6,Ayush Global Medicinal Plants Registry
AY_399,Herboder7,Traditional Remedy for Wounds 7,Botanicus wounds var7,"Natural Wounds Relief, Desi Chikitsa 7","Rasa: Tikta, Katu; Guna: Laghu, Ruksha","Shamana for Wounds, Balya, Balancing dermatological doshas",Traditional Dermatological Formulation 7,Ayush Global Medicinal Plants Registry
AY_400,Herboder1,Traditional Remedy for Rashes 1,Botanicus rashes var1,"Natural Rashes Relief, Desi Chikitsa 1","Rasa: Tikta, Katu; Guna: Laghu, Ruksha","Shamana for Rashes, Balya, Balancing dermatological doshas",Traditional Dermatological Formulation 1,Ayush Global Medicinal Plants Registry
AY_401,Herboder2,Traditional Remedy for Rashes 2,Botanicus rashes var2,"Natural Rashes Relief, Desi Chikitsa 2","Rasa: Tikta, Katu; Guna: Laghu, Ruksha","Shamana for Rashes, Balya, Balancing dermatological doshas",Traditional Dermatological Formulation 2,Ayush Global Medicinal Plants Registry
AY_402,Herboder3,Traditional Remedy for Rashes 3,Botanicus rashes var3,"Natural Rashes Relief, Desi Chikitsa 3","Rasa: Tikta, Katu; Guna: Laghu, Ruksha","Shamana for Rashes, Balya, Balancing dermatological doshas",Traditional Dermatological Formulation 3,Ayush Global Medicinal Plants Registry
AY_403,Herboder4,Traditional Remedy for Rashes 4,Botanicus rashes var4,"Natural Rashes Relief, Desi Chikitsa 4","Rasa: Tikta, Katu; Guna: Laghu, Ruksha","Shamana for Rashes, Balya, Balancing dermatological doshas",Traditional Dermatological Formulation 4,Ayush Global Medicinal Plants Registry
AY_404,Herboder5,Traditional Remedy for Rashes 5,Botanicus rashes var5,"Natural Rashes Relief, Desi Chikitsa 5","Rasa: Tikta, Katu; Guna: Laghu, Ruksha","Shamana for Rashes, Balya, Balancing dermatological doshas",Traditional Dermatological Formulation 5,Ayush Global Medicinal Plants Registry
AY_405,Herboder6,Traditional Remedy for Rashes 6,Botanicus rashes var6,"Natural Rashes Relief, Desi Chikitsa 6","Rasa: Tikta, Katu; Guna: Laghu, Ruksha","Shamana for Rashes, Balya, Balancing dermatological doshas",Traditional Dermatological Formulation 6,Ayush Global Medicinal Plants Registry
AY_406,Herboder7,Traditional Remedy for Rashes 7,Botanicus rashes var7,"Natural Rashes Relief, Desi Chikitsa 7","Rasa: Tikta, Katu; Guna: Laghu, Ruksha","Shamana for Rashes, Balya, Balancing dermatological doshas",Traditional Dermatological Formulation 7,Ayush Global Medicinal Plants Registry
AY_407,Herboder1,Traditional Remedy for Hives 1,Botanicus hives var1,"Natural Hives Relief, Desi Chikitsa 1","Rasa: Tikta, Katu; Guna: Laghu, Ruksha","Shamana for Hives, Balya, Balancing dermatological doshas",Traditional Dermatological Formulation 1,Ayush Global Medicinal Plants Registry
AY_408,Herboder2,Traditional Remedy for Hives 2,Botanicus hives var2,"Natural Hives Relief, Desi Chikitsa 2","Rasa: Tikta, Katu; Guna: Laghu, Ruksha","Shamana for Hives, Balya, Balancing dermatological doshas",Traditional Dermatological Formulation 2,Ayush Global Medicinal Plants Registry
AY_409,Herboder3,Traditional Remedy for Hives 3,Botanicus hives var3,"Natural Hives Relief, Desi Chikitsa 3","Rasa: Tikta, Katu; Guna: Laghu, Ruksha","Shamana for Hives, Balya, Balancing dermatological doshas",Traditional Dermatological Formulation 3,Ayush Global Medicinal Plants Registry
AY_410,Herboder4,Traditional Remedy for Hives 4,Botanicus hives var4,"Natural Hives Relief, Desi Chikitsa 4","Rasa: Tikta, Katu; Guna: Laghu, Ruksha","Shamana for Hives, Balya, Balancing dermatological doshas",Traditional Dermatological Formulation 4,Ayush Global Medicinal Plants Registry
AY_411,Herboder5,Traditional Remedy for Hives 5,Botanicus hives var5,"Natural Hives Relief, Desi Chikitsa 5","Rasa: Tikta, Katu; Guna: Laghu, Ruksha","Shamana for Hives, Balya, Balancing dermatological doshas",Traditional Dermatological Formulation 5,Ayush Global Medicinal Plants Registry
AY_412,Herboder6,Traditional Remedy for Hives 6,Botanicus hives var6,"Natural Hives Relief, Desi Chikitsa 6","Rasa: Tikta, Katu; Guna: Laghu, Ruksha","Shamana for Hives, Balya, Balancing dermatological doshas",Traditional Dermatological Formulation 6,Ayush Global Medicinal Plants Registry
AY_413,Herboder7,Traditional Remedy for Hives 7,Botanicus hives var7,"Natural Hives Relief, Desi Chikitsa 7","Rasa: Tikta, Katu; Guna: Laghu, Ruksha","Shamana for Hives, Balya, Balancing dermatological doshas",Traditional Dermatological Formulation 7,Ayush Global Medicinal Plants Registry
AY_414,Herboder1,Traditional Remedy for Minor Cuts 1,Botanicus minor_cuts var1,"Natural Minor Cuts Relief, Desi Chikitsa 1","Rasa: Tikta, Katu; Guna: Laghu, Ruksha","Shamana for Minor Cuts, Balya, Balancing dermatological doshas",Traditional Dermatological Formulation 1,Ayush Global Medicinal Plants Registry
AY_415,Herboder2,Traditional Remedy for Minor Cuts 2,Botanicus minor_cuts var2,"Natural Minor Cuts Relief, Desi Chikitsa 2","Rasa: Tikta, Katu; Guna: Laghu, Ruksha","Shamana for Minor Cuts, Balya, Balancing dermatological doshas",Traditional Dermatological Formulation 2,Ayush Global Medicinal Plants Registry
AY_416,Herboder3,Traditional Remedy for Minor Cuts 3,Botanicus minor_cuts var3,"Natural Minor Cuts Relief, Desi Chikitsa 3","Rasa: Tikta, Katu; Guna: Laghu, Ruksha","Shamana for Minor Cuts, Balya, Balancing dermatological doshas",Traditional Dermatological Formulation 3,Ayush Global Medicinal Plants Registry
AY_417,Herboder4,Traditional Remedy for Minor Cuts 4,Botanicus minor_cuts var4,"Natural Minor Cuts Relief, Desi Chikitsa 4","Rasa: Tikta, Katu; Guna: Laghu, Ruksha","Shamana for Minor Cuts, Balya, Balancing dermatological doshas",Traditional Dermatological Formulation 4,Ayush Global Medicinal Plants Registry
AY_418,Herboder5,Traditional Remedy for Minor Cuts 5,Botanicus minor_cuts var5,"Natural Minor Cuts Relief, Desi Chikitsa 5","Rasa: Tikta, Katu; Guna: Laghu, Ruksha","Shamana for Minor Cuts, Balya, Balancing dermatological doshas",Traditional Dermatological Formulation 5,Ayush Global Medicinal Plants Registry
AY_419,Herboder6,Traditional Remedy for Minor Cuts 6,Botanicus minor_cuts var6,"Natural Minor Cuts Relief, Desi Chikitsa 6","Rasa: Tikta, Katu; Guna: Laghu, Ruksha","Shamana for Minor Cuts, Balya, Balancing dermatological doshas",Traditional Dermatological Formulation 6,Ayush Global Medicinal Plants Registry
AY_420,Herboder7,Traditional Remedy for Minor Cuts 7,Botanicus minor_cuts var7,"Natural Minor Cuts Relief, Desi Chikitsa 7","Rasa: Tikta, Katu; Guna: Laghu, Ruksha","Shamana for Minor Cuts, Balya, Balancing dermatological doshas",Traditional Dermatological Formulation 7,Ayush Global Medicinal Plants Registry
AY_421,Herboder1,Traditional Remedy for Boils 1,Botanicus boils var1,"Natural Boils Relief, Desi Chikitsa 1","Rasa: Tikta, Katu; Guna: Laghu, Ruksha","Shamana for Boils, Balya, Balancing dermatological doshas",Traditional Dermatological Formulation 1,Ayush Global Medicinal Plants Registry
AY_422,Herboder2,Traditional Remedy for Boils 2,Botanicus boils var2,"Natural Boils Relief, Desi Chikitsa 2","Rasa: Tikta, Katu; Guna: Laghu, Ruksha","Shamana for Boils, Balya, Balancing dermatological doshas",Traditional Dermatological Formulation 2,Ayush Global Medicinal Plants Registry
AY_423,Herboder3,Traditional Remedy for Boils 3,Botanicus boils var3,"Natural Boils Relief, Desi Chikitsa 3","Rasa: Tikta, Katu; Guna: Laghu, Ruksha","Shamana for Boils, Balya, Balancing dermatological doshas",Traditional Dermatological Formulation 3,Ayush Global Medicinal Plants Registry
AY_424,Herboder4,Traditional Remedy for Boils 4,Botanicus boils var4,"Natural Boils Relief, Desi Chikitsa 4","Rasa: Tikta, Katu; Guna: Laghu, Ruksha","Shamana for Boils, Balya, Balancing dermatological doshas",Traditional Dermatological Formulation 4,Ayush Global Medicinal Plants Registry
AY_425,Herboder5,Traditional Remedy for Boils 5,Botanicus boils var5,"Natural Boils Relief, Desi Chikitsa 5","Rasa: Tikta, Katu; Guna: Laghu, Ruksha","Shamana for Boils, Balya, Balancing dermatological doshas",Traditional Dermatological Formulation 5,Ayush Global Medicinal Plants Registry
AY_426,Herboder6,Traditional Remedy for Boils 6,Botanicus boils var6,"Natural Boils Relief, Desi Chikitsa 6","Rasa: Tikta, Katu; Guna: Laghu, Ruksha","Shamana for Boils, Balya, Balancing dermatological doshas",Traditional Dermatological Formulation 6,Ayush Global Medicinal Plants Registry
AY_427,Herboder7,Traditional Remedy for Boils 7,Botanicus boils var7,"Natural Boils Relief, Desi Chikitsa 7","Rasa: Tikta, Katu; Guna: Laghu, Ruksha","Shamana for Boils, Balya, Balancing dermatological doshas",Traditional Dermatological Formulation 7,Ayush Global Medicinal Plants Registry
