medicine_id,medicine_name,generic_name,active_ingredient,drug_class,dosage_form,common_indications,precautions,source_name
MM_001,Oph-Redness in Eyes-Rx 1,Compound For Redness In Eyes Type 1,Active Agent 1,Ophthalmic Management Agent,Tablet / Drop / Topical,"Redness in Eyes, Acute ophthalmic discomfort, Related conditions",Follow clinical guidelines; consult a specialist if symptoms persist.,Unified Healthcare Clinical Database
MM_002,Oph-Redness in Eyes-Rx 2,Compound For Redness In Eyes Type 2,Active Agent 2,Ophthalmic Management Agent,Tablet / Drop / Topical,"Redness in Eyes, Acute ophthalmic discomfort, Related conditions",Follow clinical guidelines; consult a specialist if symptoms persist.,Unified Healthcare Clinical Database
MM_003,Oph-Redness in Eyes-Rx 3,Compound For Redness In Eyes Type 3,Active Agent 3,Ophthalmic Management Agent,Tablet / Drop / Topical,"Redness in Eyes, Acute ophthalmic discomfort, Related conditions",Follow clinical guidelines; consult a specialist if symptoms persist.,Unified Healthcare Clinical Database
MM_004,Oph-Redness in Eyes-Rx 4,Compound For Redness In Eyes Type 4,Active Agent 4,Ophthalmic Management Agent,Tablet / Drop / Topical,"Redness in Eyes, Acute ophthalmic discomfort, Related conditions",Follow clinical guidelines; consult a specialist if symptoms persist.,Unified Healthcare Clinical Database
MM_005,Oph-Redness in Eyes-Rx 5,Compound For Redness In Eyes Type 5,Active Agent 5,Ophthalmic Management Agent,Tablet / Drop / Topical,"Redness in Eyes, Acute ophthalmic discomfort, Related conditions",Follow clinical guidelines; consult a specialist if symptoms persist.,Unified Healthcare Clinical Database
MM_006,Oph-Redness in Eyes-Rx 6,Compound For Redness In Eyes Type 6,Active Agent 6,Ophthalmic Management Agent,Tablet / Drop / Topical,"Redness in Eyes, Acute ophthalmic discomfort, Related conditions",Follow clinical guidelines; consult a specialist if symptoms persist.,Unified Healthcare Clinical Database
MM_007,Oph-Redness in Eyes-Rx 7,Compound For Redness In Eyes Type 7,Active Agent 7,Ophthalmic Management Agent,Tablet / Drop / Topical,"Redness in Eyes, Acute ophthalmic discomfort, Related conditions",Follow clinical guidelines; consult a specialist if symptoms persist.,Unified Healthcare Clinical Database
MM_008,Oph-Itchy Eyes-Rx 1,Compound For Itchy Eyes Type 1,Active Agent 8,Ophthalmic Management Agent,Tablet / Drop / Topical,"Itchy Eyes, Acute ophthalmic discomfort, Related conditions",Follow clinical guidelines; consult a specialist if symptoms persist.,Unified Healthcare Clinical Database
MM_009,Oph-Itchy Eyes-Rx 2,Compound For Itchy Eyes Type 2,Active Agent 9,Ophthalmic Management Agent,Tablet / Drop / Topical,"Itchy Eyes, Acute ophthalmic discomfort, Related conditions",Follow clinical guidelines; consult a specialist if symptoms persist.,Unified Healthcare Clinical Database
MM_010,Oph-Itchy Eyes-Rx 3,Compound For Itchy Eyes Type 3,Active Agent 10,Ophthalmic Management Agent,Tablet / Drop / Topical,"Itchy Eyes, Acute ophthalmic discomfort, Related conditions",Follow clinical guidelines; consult a specialist if symptoms persist.,Unified Healthcare Clinical Database
MM_011,Oph-Itchy Eyes-Rx 4,Compound For Itchy Eyes Type 4,Active Agent 11,Ophthalmic Management Agent,Tablet / Drop / Topical,"Itchy Eyes, Acute ophthalmic discomfort, Related conditions",Follow clinical guidelines; consult a specialist if symptoms persist.,Unified Healthcare Clinical Database
MM_012,Oph-Itchy Eyes-Rx 5,Compound For Itchy Eyes Type 5,Active Agent 12,Ophthalmic Management Agent,Tablet / Drop / Topical,"Itchy Eyes, Acute ophthalmic discomfort, Related conditions",Follow clinical guidelines; consult a specialist if symptoms persist.,Unified Healthcare Clinical Database
MM_013,Oph-Itchy Eyes-Rx 6,Compound For Itchy Eyes Type 6,Active Agent 13,Ophthalmic Management Agent,Tablet / Drop / Topical,"Itchy Eyes, Acute ophthalmic discomfort, Related conditions",Follow clinical guidelines; consult a specialist if symptoms persist.,Unified Healthcare Clinical Database
MM_014,Oph-Itchy Eyes-Rx 7,Compound For Itchy Eyes Type 7,Active Agent 14,Ophthalmic Management Agent,Tablet / Drop / Topical,"Itchy Eyes, Acute ophthalmic discomfort, Related conditions",Follow clinical guidelines; consult a specialist if symptoms persist.,Unified Healthcare Clinical Database
MM_015,Oph-Dry Eyes-Rx 1,Compound For Dry Eyes Type 1,Active Agent 15,Ophthalmic Management Agent,Tablet / Drop / Topical,"Dry Eyes, Acute ophthalmic discomfort, Related conditions",Follow clinical guidelines; consult a specialist if symptoms persist.,Unified Healthcare Clinical Database
MM_016,Oph-Dry Eyes-Rx 2,Compound For Dry Eyes Type 2,Active Agent 16,Ophthalmic Management Agent,Tablet / Drop / Topical,"Dry Eyes, Acute ophthalmic discomfort, Related conditions",Follow clinical guidelines; consult a specialist if symptoms persist.,Unified Healthcare Clinical Database
MM_017,Oph-Dry Eyes-Rx 3,Compound For Dry Eyes Type 3,Active Agent 17,Ophthalmic Management Agent,Tablet / Drop / Topical,"Dry Eyes, Acute ophthalmic discomfort, Related conditions",Follow clinical guidelines; consult a specialist if symptoms persist.,Unified Healthcare Clinical Database
MM_018,Oph-Dry Eyes-Rx 4,Compound For Dry Eyes Type 4,Active Agent 18,Ophthalmic Management Agent,Tablet / Drop / Topical,"Dry Eyes, Acute ophthalmic discomfort, Related conditions",Follow clinical guidelines; consult a specialist if symptoms persist.,Unified Healthcare Clinical Database
MM_019,Oph-Dry Eyes-Rx 5,Compound For Dry Eyes Type 5,Active Agent 19,Ophthalmic Management Agent,Tablet / Drop / Topical,"Dry Eyes, Acute ophthalmic discomfort, Related conditions",Follow clinical guidelines; consult a specialist if symptoms persist.,Unified Healthcare Clinical Database
MM_020,Oph-Dry Eyes-Rx 6,Compound For Dry Eyes Type 6,Active Agent 20,Ophthalmic Management Agent,Tablet / Drop / Topical,"Dry Eyes, Acute ophthalmic discomfort, Related conditions",Follow clinical guidelines; consult a specialist if symptoms persist.,Unified Healthcare Clinical Database
MM_021,Oph-Dry Eyes-Rx 7,Compound For Dry Eyes Type 7,Active Agent 21,Ophthalmic Management Agent,Tablet / Drop / Topical,"Dry Eyes, Acute ophthalmic discomfort, Related conditions",Follow clinical guidelines; consult a specialist if symptoms persist.,Unified Healthcare Clinical Database
MM_022,Oph-Eye Strain-Rx 1,Compound For Eye Strain Type 1,Active Agent 22,Ophthalmic Management Agent,Tablet / Drop / Topical,"Eye Strain, Acute ophthalmic discomfort, Related conditions",Follow clinical guidelines; consult a specialist if symptoms persist.,Unified Healthcare Clinical Database
MM_023,Oph-Eye Strain-Rx 2,Compound For Eye Strain Type 2,Active Agent 23,Ophthalmic Management Agent,Tablet / Drop / Topical,"Eye Strain, Acute ophthalmic discomfort, Related conditions",Follow clinical guidelines; consult a specialist if symptoms persist.,Unified Healthcare Clinical Database
MM_024,Oph-Eye Strain-Rx 3,Compound For Eye Strain Type 3,Active Agent 24,Ophthalmic Management Agent,Tablet / Drop / Topical,"Eye Strain, Acute ophthalmic discomfort, Related conditions",Follow clinical guidelines; consult a specialist if symptoms persist.,Unified Healthcare Clinical Database
MM_025,Oph-Eye Strain-Rx 4,Compound For Eye Strain Type 4,Active Agent 25,Ophthalmic Management Agent,Tablet / Drop / Topical,"Eye Strain, Acute ophthalmic discomfort, Related conditions",Follow clinical guidelines; consult a specialist if symptoms persist.,Unified Healthcare Clinical Database
MM_026,Oph-Eye Strain-Rx 5,Compound For Eye Strain Type 5,Active Agent 26,Ophthalmic Management Agent,Tablet / Drop / Topical,"Eye Strain, Acute ophthalmic discomfort, Related conditions",Follow clinical guidelines; consult a specialist if symptoms persist.,Unified Healthcare Clinical Database
MM_027,Oph-Eye Strain-Rx 6,Compound For Eye Strain Type 6,Active Agent 27,Ophthalmic Management Agent,Tablet / Drop / Topical,"Eye Strain, Acute ophthalmic discomfort, Related conditions",Follow clinical guidelines; consult a specialist if symptoms persist.,Unified Healthcare Clinical Database
MM_028,Oph-Eye Strain-Rx 7,Compound For Eye Strain Type 7,Active Agent 28,Ophthalmic Management Agent,Tablet / Drop / Topical,"Eye Strain, Acute ophthalmic discomfort, Related conditions",Follow clinical guidelines; consult a specialist if symptoms persist.,Unified Healthcare Clinical Database
MM_029,Oph-Blurred Vision-Rx 1,Compound For Blurred Vision Type 1,Active Agent 29,Ophthalmic Management Agent,Tablet / Drop / Topical,"Blurred Vision, Acute ophthalmic discomfort, Related conditions",Follow clinical guidelines; consult a specialist if symptoms persist.,Unified Healthcare Clinical Database
MM_030,Oph-Blurred Vision-Rx 2,Compound For Blurred Vision Type 2,Active Agent 30,Ophthalmic Management Agent,Tablet / Drop / Topical,"Blurred Vision, Acute ophthalmic discomfort, Related conditions",Follow clinical guidelines; consult a specialist if symptoms persist.,Unified Healthcare Clinical Database
MM_031,Oph-Blurred Vision-Rx 3,Compound For Blurred Vision Type 3,Active Agent 31,Ophthalmic Management Agent,Tablet / Drop / Topical,"Blurred Vision, Acute ophthalmic discomfort, Related conditions",Follow clinical guidelines; consult a specialist if symptoms persist.,Unified Healthcare Clinical Database
MM_032,Oph-Blurred Vision-Rx 4,Compound For Blurred Vision Type 4,Active Agent 32,Ophthalmic Management Agent,Tablet / Drop / Topical,"Blurred Vision, Acute ophthalmic discomfort, Related conditions",Follow clinical guidelines; consult a specialist if symptoms persist.,Unified Healthcare Clinical Database
MM_033,Oph-Blurred Vision-Rx 5,Compound For Blurred Vision Type 5,Active Agent 33,Ophthalmic Management Agent,Tablet / Drop / Topical,"Blurred Vision, Acute ophthalmic discomfort, Related conditions",Follow clinical guidelines; consult a specialist if symptoms persist.,Unified Healthcare Clinical Database
MM_034,Oph-Blurred Vision-Rx 6,Compound For Blurred Vision Type 6,Active Agent 34,Ophthalmic Management Agent,Tablet / Drop / Topical,"Blurred Vision, Acute ophthalmic discomfort, Related conditions",Follow clinical guidelines; consult a specialist if symptoms persist.,Unified Healthcare Clinical Database
MM_035,Oph-Blurred Vision-Rx 7,Compound For Blurred Vision Type 7,Active Agent 35,Ophthalmic Management Agent,Tablet / Drop / Topical,"Blurred Vision, Acute ophthalmic discomfort, Related conditions",Follow clinical guidelines; consult a specialist if symptoms persist.,Unified Healthcare Clinical Database
MM_036,Oph-Watery Eyes-Rx 1,Compound For Watery Eyes Type 1,Active Agent 36,Ophthalmic Management Agent,Tablet / Drop / Topical,"Watery Eyes, Acute ophthalmic discomfort, Related conditions",Follow clinical guidelines; consult a specialist if symptoms persist.,Unified Healthcare Clinical Database
MM_037,Oph-Watery Eyes-Rx 2,Compound For Watery Eyes Type 2,Active Agent 37,Ophthalmic Management Agent,Tablet / Drop / Topical,"Watery Eyes, Acute ophthalmic discomfort, Related conditions",Follow clinical guidelines; consult a specialist if symptoms persist.,Unified Healthcare Clinical Database
MM_038,Oph-Watery Eyes-Rx 3,Compound For Watery Eyes Type 3,Active Agent 38,Ophthalmic Management Agent,Tablet / Drop / Topical,"Watery Eyes, Acute ophthalmic discomfort, Related conditions",Follow clinical guidelines; consult a specialist if symptoms persist.,Unified Healthcare Clinical Database
MM_039,Oph-Watery Eyes-Rx 4,Compound For Watery Eyes Type 4,Active Agent 39,Ophthalmic Management Agent,Tablet / Drop / Topical,"Watery Eyes, Acute ophthalmic discomfort, Related conditions",Follow clinical guidelines; consult a specialist if symptoms persist.,Unified Healthcare Clinical Database
MM_040,Oph-Watery Eyes-Rx 5,Compound For Watery Eyes Type 5,Active Agent 40,Ophthalmic Management Agent,Tablet / Drop / Topical,"Watery Eyes, Acute ophthalmic discomfort, Related conditions",Follow clinical guidelines; consult a specialist if symptoms persist.,Unified Healthcare Clinical Database
MM_041,Oph-Watery Eyes-Rx 6,Compound For Watery Eyes Type 6,Active Agent 41,Ophthalmic Management Agent,Tablet / Drop / Topical,"Watery Eyes, Acute ophthalmic discomfort, Related conditions",Follow clinical guidelines; consult a specialist if symptoms persist.,Unified Healthcare Clinical Database
MM_042,Oph-Watery Eyes-Rx 7,Compound For Watery Eyes Type 7,Active Agent 42,Ophthalmic Management Agent,Tablet / Drop / Topical,"Watery Eyes, Acute ophthalmic discomfort, Related conditions",Follow clinical guidelines; consult a specialist if symptoms persist.,Unified Healthcare Clinical Database
MM_043,Oph-Eye Irritation-Rx 1,Compound For Eye Irritation Type 1,Active Agent 43,Ophthalmic Management Agent,Tablet / Drop / Topical,"Eye Irritation, Acute ophthalmic discomfort, Related conditions",Follow clinical guidelines; consult a specialist if symptoms persist.,Unified Healthcare Clinical Database
MM_044,Oph-Eye Irritation-Rx 2,Compound For Eye Irritation Type 2,Active Agent 44,Ophthalmic Management Agent,Tablet / Drop / Topical,"Eye Irritation, Acute ophthalmic discomfort, Related conditions",Follow clinical guidelines; consult a specialist if symptoms persist.,Unified Healthcare Clinical Database
MM_045,Oph-Eye Irritation-Rx 3,Compound For Eye Irritation Type 3,Active Agent 45,Ophthalmic Management Agent,Tablet / Drop / Topical,"Eye Irritation, Acute ophthalmic discomfort, Related conditions",Follow clinical guidelines; consult a specialist if symptoms persist.,Unified Healthcare Clinical Database
MM_046,Oph-Eye Irritation-Rx 4,Compound For Eye Irritation Type 4,Active Agent 46,Ophthalmic Management Agent,Tablet / Drop / Topical,"Eye Irritation, Acute ophthalmic discomfort, Related conditions",Follow clinical guidelines; consult a specialist if symptoms persist.,Unified Healthcare Clinical Database
MM_047,Oph-Eye Irritation-Rx 5,Compound For Eye Irritation Type 5,Active Agent 47,Ophthalmic Management Agent,Tablet / Drop / Topical,"Eye Irritation, Acute ophthalmic discomfort, Related conditions",Follow clinical guidelines; consult a specialist if symptoms persist.,Unified Healthcare Clinical Database
MM_048,Oph-Eye Irritation-Rx 6,Compound For Eye Irritation Type 6,Active Agent 48,Ophthalmic Management Agent,Tablet / Drop / Topical,"Eye Irritation, Acute ophthalmic discomfort, Related conditions",Follow clinical guidelines; consult a specialist if symptoms persist.,Unified Healthcare Clinical Database
MM_049,Oph-Eye Irritation-Rx 7,Compound For Eye Irritation Type 7,Active Agent 49,Ophthalmic Management Agent,Tablet / Drop / Topical,"Eye Irritation, Acute ophthalmic discomfort, Related conditions",Follow clinical guidelines; consult a specialist if symptoms persist.,Unified Healthcare Clinical Database
MM_050,Oph-Eye Fatigue-Rx 1,Compound For Eye Fatigue Type 1,Active Agent 50,Ophthalmic Management Agent,Tablet / Drop / Topical,"Eye Fatigue, Acute ophthalmic discomfort, Related conditions",Follow clinical guidelines; consult a specialist if symptoms persist.,Unified Healthcare Clinical Database
MM_051,Oph-Eye Fatigue-Rx 2,Compound For Eye Fatigue Type 2,Active Agent 51,Ophthalmic Management Agent,Tablet / Drop / Topical,"Eye Fatigue, Acute ophthalmic discomfort, Related conditions",Follow clinical guidelines; consult a specialist if symptoms persist.,Unified Healthcare Clinical Database
MM_052,Oph-Eye Fatigue-Rx 3,Compound For Eye Fatigue Type 3,Active Agent 52,Ophthalmic Management Agent,Tablet / Drop / Topical,"Eye Fatigue, Acute ophthalmic discomfort, Related conditions",Follow clinical guidelines; consult a specialist if symptoms persist.,Unified Healthcare Clinical Database
MM_053,Oph-Eye Fatigue-Rx 4,Compound For Eye Fatigue Type 4,Active Agent 53,Ophthalmic Management Agent,Tablet / Drop / Topical,"Eye Fatigue, Acute ophthalmic discomfort, Related conditions",Follow clinical guidelines; consult a specialist if symptoms persist.,Unified Healthcare Clinical Database
MM_054,Oph-Eye Fatigue-Rx 5,Compound For Eye Fatigue Type 5,Active Agent 54,Ophthalmic Management Agent,Tablet / Drop / Topical,"Eye Fatigue, Acute ophthalmic discomfort, Related conditions",Follow clinical guidelines; consult a specialist if symptoms persist.,Unified Healthcare Clinical Database
MM_055,Oph-Eye Fatigue-Rx 6,Compound For Eye Fatigue Type 6,Active Agent 55,Ophthalmic Management Agent,Tablet / Drop / Topical,"Eye Fatigue, Acute ophthalmic discomfort, Related conditions",Follow clinical guidelines; consult a specialist if symptoms persist.,Unified Healthcare Clinical Database
MM_056,Oph-Eye Fatigue-Rx 7,Compound For Eye Fatigue Type 7,Active Agent 56,Ophthalmic Management Agent,Tablet / Drop / Topical,"Eye Fatigue, Acute ophthalmic discomfort, Related conditions",Follow clinical guidelines; consult a specialist if symptoms persist.,Unified Healthcare Clinical Database
MM_057,Den-Swelling in Gums-Rx 1,Compound For Swelling In Gums Type 1,Active Agent 57,Dental Management Agent,Tablet / Drop / Topical,"Swelling in Gums, Acute dental discomfort, Related conditions",Follow clinical guidelines; consult a specialist if symptoms persist.,Unified Healthcare Clinical Database
MM_058,Den-Swelling in Gums-Rx 2,Compound For Swelling In Gums Type 2,Active Agent 58,Dental Management Agent,Tablet / Drop / Topical,"Swelling in Gums, Acute dental discomfort, Related conditions",Follow clinical guidelines; consult a specialist if symptoms persist.,Unified Healthcare Clinical Database
MM_059,Den-Swelling in Gums-Rx 3,Compound For Swelling In Gums Type 3,Active Agent 59,Dental Management Agent,Tablet / Drop / Topical,"Swelling in Gums, Acute dental discomfort, Related conditions",Follow clinical guidelines; consult a specialist if symptoms persist.,Unified Healthcare Clinical Database
MM_060,Den-Swelling in Gums-Rx 4,Compound For Swelling In Gums Type 4,Active Agent 60,Dental Management Agent,Tablet / Drop / Topical,"Swelling in Gums, Acute dental discomfort, Related conditions",Follow clinical guidelines; consult a specialist if symptoms persist.,Unified Healthcare Clinical Database
MM_061,Den-Swelling in Gums-Rx 5,Compound For Swelling In Gums Type 5,Active Agent 61,Dental Management Agent,Tablet / Drop / Topical,"Swelling in Gums, Acute dental discomfort, Related conditions",Follow clinical guidelines; consult a specialist if symptoms persist.,Unified Healthcare Clinical Database
MM_062,Den-Swelling in Gums-Rx 6,Compound For Swelling In Gums Type 6,Active Agent 62,Dental Management Agent,Tablet / Drop / Topical,"Swelling in Gums, Acute dental discomfort, Related conditions",Follow clinical guidelines; consult a specialist if symptoms persist.,Unified Healthcare Clinical Database
MM_063,Den-Swelling in Gums-Rx 7,Compound For Swelling In Gums Type 7,Active Agent 63,Dental Management Agent,Tablet / Drop / Topical,"Swelling in Gums, Acute dental discomfort, Related conditions",Follow clinical guidelines; consult a specialist if symptoms persist.,Unified Healthcare Clinical Database
MM_064,Den-Toothache-Rx 1,Compound For Toothache Type 1,Active Agent 64,Dental Management Agent,Tablet / Drop / Topical,"Toothache, Acute dental discomfort, Related conditions",Follow clinical guidelines; consult a specialist if symptoms persist.,Unified Healthcare Clinical Database
MM_065,Den-Toothache-Rx 2,Compound For Toothache Type 2,Active Agent 65,Dental Management Agent,Tablet / Drop / Topical,"Toothache, Acute dental discomfort, Related conditions",Follow clinical guidelines; consult a specialist if symptoms persist.,Unified Healthcare Clinical Database
MM_066,Den-Toothache-Rx 3,Compound For Toothache Type 3,Active Agent 66,Dental Management Agent,Tablet / Drop / Topical,"Toothache, Acute dental discomfort, Related conditions",Follow clinical guidelines; consult a specialist if symptoms persist.,Unified Healthcare Clinical Database
MM_067,Den-Toothache-Rx 4,Compound For Toothache Type 4,Active Agent 67,Dental Management Agent,Tablet / Drop / Topical,"Toothache, Acute dental discomfort, Related conditions",Follow clinical guidelines; consult a specialist if symptoms persist.,Unified Healthcare Clinical Database
MM_068,Den-Toothache-Rx 5,Compound For Toothache Type 5,Active Agent 68,Dental Management Agent,Tablet / Drop / Topical,"Toothache, Acute dental discomfort, Related conditions",Follow clinical guidelines; consult a specialist if symptoms persist.,Unified Healthcare Clinical Database
MM_069,Den-Toothache-Rx 6,Compound For Toothache Type 6,Active Agent 69,Dental Management Agent,Tablet / Drop / Topical,"Toothache, Acute dental discomfort, Related conditions",Follow clinical guidelines; consult a specialist if symptoms persist.,Unified Healthcare Clinical Database
MM_070,Den-Toothache-Rx 7,Compound For Toothache Type 7,Active Agent 70,Dental Management Agent,Tablet / Drop / Topical,"Toothache, Acute dental discomfort, Related conditions",Follow clinical guidelines; consult a specialist if symptoms persist.,Unified Healthcare Clinical Database
MM_071,Den-Bleeding Gums-Rx 1,Compound For Bleeding Gums Type 1,Active Agent 71,Dental Management Agent,Tablet / Drop / Topical,"Bleeding Gums, Acute dental discomfort, Related conditions",Follow clinical guidelines; consult a specialist if symptoms persist.,Unified Healthcare Clinical Database
MM_072,Den-Bleeding Gums-Rx 2,Compound For Bleeding Gums Type 2,Active Agent 72,Dental Management Agent,Tablet / Drop / Topical,"Bleeding Gums, Acute dental discomfort, Related conditions",Follow clinical guidelines; consult a specialist if symptoms persist.,Unified Healthcare Clinical Database
MM_073,Den-Bleeding Gums-Rx 3,Compound For Bleeding Gums Type 3,Active Agent 73,Dental Management Agent,Tablet / Drop / Topical,"Bleeding Gums, Acute dental discomfort, Related conditions",Follow clinical guidelines; consult a specialist if symptoms persist.,Unified Healthcare Clinical Database
MM_074,Den-Bleeding Gums-Rx 4,Compound For Bleeding Gums Type 4,Active Agent 74,Dental Management Agent,Tablet / Drop / Topical,"Bleeding Gums, Acute dental discomfort, Related conditions",Follow clinical guidelines; consult a specialist if symptoms persist.,Unified Healthcare Clinical Database
MM_075,Den-Bleeding Gums-Rx 5,Compound For Bleeding Gums Type 5,Active Agent 75,Dental Management Agent,Tablet / Drop / Topical,"Bleeding Gums, Acute dental discomfort, Related conditions",Follow clinical guidelines; consult a specialist if symptoms persist.,Unified Healthcare Clinical Database
MM_076,Den-Bleeding Gums-Rx 6,Compound For Bleeding Gums Type 6,Active Agent 76,Dental Management Agent,Tablet / Drop / Topical,"Bleeding Gums, Acute dental discomfort, Related conditions",Follow clinical guidelines; consult a specialist if symptoms persist.,Unified Healthcare Clinical Database
MM_077,Den-Bleeding Gums-Rx 7,Compound For Bleeding Gums Type 7,Active Agent 77,Dental Management Agent,Tablet / Drop / Topical,"Bleeding Gums, Acute dental discomfort, Related conditions",Follow clinical guidelines; consult a specialist if symptoms persist.,Unified Healthcare Clinical Database
MM_078,Den-Mouth Ulcers-Rx 1,Compound For Mouth Ulcers Type 1,Active Agent 78,Dental Management Agent,Tablet / Drop / Topical,"Mouth Ulcers, Acute dental discomfort, Related conditions",Follow clinical guidelines; consult a specialist if symptoms persist.,Unified Healthcare Clinical Database
MM_079,Den-Mouth Ulcers-Rx 2,Compound For Mouth Ulcers Type 2,Active Agent 79,Dental Management Agent,Tablet / Drop / Topical,"Mouth Ulcers, Acute dental discomfort, Related conditions",Follow clinical guidelines; consult a specialist if symptoms persist.,Unified Healthcare Clinical Database
MM_080,Den-Mouth Ulcers-Rx 3,Compound For Mouth Ulcers Type 3,Active Agent 80,Dental Management Agent,Tablet / Drop / Topical,"Mouth Ulcers, Acute dental discomfort, Related conditions",Follow clinical guidelines; consult a specialist if symptoms persist.,Unified Healthcare Clinical Database
MM_081,Den-Mouth Ulcers-Rx 4,Compound For Mouth Ulcers Type 4,Active Agent 81,Dental Management Agent,Tablet / Drop / Topical,"Mouth Ulcers, Acute dental discomfort, Related conditions",Follow clinical guidelines; consult a specialist if symptoms persist.,Unified Healthcare Clinical Database
MM_082,Den-Mouth Ulcers-Rx 5,Compound For Mouth Ulcers Type 5,Active Agent 82,Dental Management Agent,Tablet / Drop / Topical,"Mouth Ulcers, Acute dental discomfort, Related conditions",Follow clinical guidelines; consult a specialist if symptoms persist.,Unified Healthcare Clinical Database
MM_083,Den-Mouth Ulcers-Rx 6,Compound For Mouth Ulcers Type 6,Active Agent 83,Dental Management Agent,Tablet / Drop / Topical,"Mouth Ulcers, Acute dental discomfort, Related conditions",Follow clinical guidelines; consult a specialist if symptoms persist.,Unified Healthcare Clinical Database
MM_084,Den-Mouth Ulcers-Rx 7,Compound For Mouth Ulcers Type 7,Active Agent 84,Dental Management Agent,Tablet / Drop / Topical,"Mouth Ulcers, Acute dental discomfort, Related conditions",Follow clinical guidelines; consult a specialist if symptoms persist.,Unified Healthcare Clinical Database
MM_085,Den-Sensitive Teeth-Rx 1,Compound For Sensitive Teeth Type 1,Active Agent 85,Dental Management Agent,Tablet / Drop / Topical,"Sensitive Teeth, Acute dental discomfort, Related conditions",Follow clinical guidelines; consult a specialist if symptoms persist.,Unified Healthcare Clinical Database
MM_086,Den-Sensitive Teeth-Rx 2,Compound For Sensitive Teeth Type 2,Active Agent 86,Dental Management Agent,Tablet / Drop / Topical,"Sensitive Teeth, Acute dental discomfort, Related conditions",Follow clinical guidelines; consult a specialist if symptoms persist.,Unified Healthcare Clinical Database
MM_087,Den-Sensitive Teeth-Rx 3,Compound For Sensitive Teeth Type 3,Active Agent 87,Dental Management Agent,Tablet / Drop / Topical,"Sensitive Teeth, Acute dental discomfort, Related conditions",Follow clinical guidelines; consult a specialist if symptoms persist.,Unified Healthcare Clinical Database
MM_088,Den-Sensitive Teeth-Rx 4,Compound For Sensitive Teeth Type 4,Active Agent 88,Dental Management Agent,Tablet / Drop / Topical,"Sensitive Teeth, Acute dental discomfort, Related conditions",Follow clinical guidelines; consult a specialist if symptoms persist.,Unified Healthcare Clinical Database
MM_089,Den-Sensitive Teeth-Rx 5,Compound For Sensitive Teeth Type 5,Active Agent 89,Dental Management Agent,Tablet / Drop / Topical,"Sensitive Teeth, Acute dental discomfort, Related conditions",Follow clinical guidelines; consult a specialist if symptoms persist.,Unified Healthcare Clinical Database
MM_090,Den-Sensitive Teeth-Rx 6,Compound For Sensitive Teeth Type 6,Active Agent 90,Dental Management Agent,Tablet / Drop / Topical,"Sensitive Teeth, Acute dental discomfort, Related conditions",Follow clinical guidelines; consult a specialist if symptoms persist.,Unified Healthcare Clinical Database
MM_091,Den-Sensitive Teeth-Rx 7,Compound For Sensitive Teeth Type 7,Active Agent 91,Dental Management Agent,Tablet / Drop / Topical,"Sensitive Teeth, Acute dental discomfort, Related conditions",Follow clinical guidelines; consult a specialist if symptoms persist.,Unified Healthcare Clinical Database
MM_092,Den-Plaque-Rx 1,Compound For Plaque Type 1,Active Agent 92,Dental Management Agent,Tablet / Drop / Topical,"Plaque, Acute dental discomfort, Related conditions",Follow clinical guidelines; consult a specialist if symptoms persist.,Unified Healthcare Clinical Database
MM_093,Den-Plaque-Rx 2,Compound For Plaque Type 2,Active Agent 93,Dental Management Agent,Tablet / Drop / Topical,"Plaque, Acute dental discomfort, Related conditions",Follow clinical guidelines; consult a specialist if symptoms persist.,Unified Healthcare Clinical Database
MM_094,Den-Plaque-Rx 3,Compound For Plaque Type 3,Active Agent 94,Dental Management Agent,Tablet / Drop / Topical,"Plaque, Acute dental discomfort, Related conditions",Follow clinical guidelines; consult a specialist if symptoms persist.,Unified Healthcare Clinical Database
MM_095,Den-Plaque-Rx 4,Compound For Plaque Type 4,Active Agent 95,Dental Management Agent,Tablet / Drop / Topical,"Plaque, Acute dental discomfort, Related conditions",Follow clinical guidelines; consult a specialist if symptoms persist.,Unified Healthcare Clinical Database
MM_096,Den-Plaque-Rx 5,Compound For Plaque Type 5,Active Agent 96,Dental Management Agent,Tablet / Drop / Topical,"Plaque, Acute dental discomfort, Related conditions",Follow clinical guidelines; consult a specialist if symptoms persist.,Unified Healthcare Clinical Database
MM_097,Den-Plaque-Rx 6,Compound For Plaque Type 6,Active Agent 97,Dental Management Agent,Tablet / Drop / Topical,"Plaque, Acute dental discomfort, Related conditions",Follow clinical guidelines; consult a specialist if symptoms persist.,Unified Healthcare Clinical Database
MM_098,Den-Plaque-Rx 7,Compound For Plaque Type 7,Active Agent 98,Dental Management Agent,Tablet / Drop / Topical,"Plaque, Acute dental discomfort, Related conditions",Follow clinical guidelines; consult a specialist if symptoms persist.,Unified Healthcare Clinical Database
MM_099,Den-Gum Inflammation-Rx 1,Compound For Gum Inflammation Type 1,Active Agent 99,Dental Management Agent,Tablet / Drop / Topical,"Gum Inflammation, Acute dental discomfort, Related conditions",Follow clinical guidelines; consult a specialist if symptoms persist.,Unified Healthcare Clinical Database
MM_100,Den-Gum Inflammation-Rx 2,Compound For Gum Inflammation Type 2,Active Agent 100,Dental Management Agent,Tablet / Drop / Topical,"Gum Inflammation, Acute dental discomfort, Related conditions",Follow clinical guidelines; consult a specialist if symptoms persist.,Unified Healthcare Clinical Database
MM_101,Den-Gum Inflammation-Rx 3,Compound For Gum Inflammation Type 3,Active Agent 101,Dental Management Agent,Tablet / Drop / Topical,"Gum Inflammation, Acute dental discomfort, Related conditions",Follow clinical guidelines; consult a specialist if symptoms persist.,Unified Healthcare Clinical Database
MM_102,Den-Gum Inflammation-Rx 4,Compound For Gum Inflammation Type 4,Active Agent 102,Dental Management Agent,Tablet / Drop / Topical,"Gum Inflammation, Acute dental discomfort, Related conditions",Follow clinical guidelines; consult a specialist if symptoms persist.,Unified Healthcare Clinical Database
MM_103,Den-Gum Inflammation-Rx 5,Compound For Gum Inflammation Type 5,Active Agent 103,Dental Management Agent,Tablet / Drop / Topical,"Gum Inflammation, Acute dental discomfort, Related conditions",Follow clinical guidelines; consult a specialist if symptoms persist.,Unified Healthcare Clinical Database
MM_104,Den-Gum Inflammation-Rx 6,Compound For Gum Inflammation Type 6,Active Agent 104,Dental Management Agent,Tablet / Drop / Topical,"Gum Inflammation, Acute dental discomfort, Related conditions",Follow clinical guidelines; consult a specialist if symptoms persist.,Unified Healthcare Clinical Database
MM_105,Den-Gum Inflammation-Rx 7,Compound For Gum Inflammation Type 7,Active Agent 105,Dental Management Agent,Tablet / Drop / Topical,"Gum Inflammation, Acute dental discomfort, Related conditions",Follow clinical guidelines; consult a specialist if symptoms persist.,Unified Healthcare Clinical Database
MM_106,Den-Bad Breath-Rx 1,Compound For Bad Breath Type 1,Active Agent 106,Dental Management Agent,Tablet / Drop / Topical,"Bad Breath, Acute dental discomfort, Related conditions",Follow clinical guidelines; consult a specialist if symptoms persist.,Unified Healthcare Clinical Database
MM_107,Den-Bad Breath-Rx 2,Compound For Bad Breath Type 2,Active Agent 107,Dental Management Agent,Tablet / Drop / Topical,"Bad Breath, Acute dental discomfort, Related conditions",Follow clinical guidelines; consult a specialist if symptoms persist.,Unified Healthcare Clinical Database
MM_108,Den-Bad Breath-Rx 3,Compound For Bad Breath Type 3,Active Agent 108,Dental Management Agent,Tablet / Drop / Topical,"Bad Breath, Acute dental discomfort, Related conditions",Follow clinical guidelines; consult a specialist if symptoms persist.,Unified Healthcare Clinical Database
MM_109,Den-Bad Breath-Rx 4,Compound For Bad Breath Type 4,Active Agent 109,Dental Management Agent,Tablet / Drop / Topical,"Bad Breath, Acute dental discomfort, Related conditions",Follow clinical guidelines; consult a specialist if symptoms persist.,Unified Healthcare Clinical Database
MM_110,Den-Bad Breath-Rx 5,Compound For Bad Breath Type 5,Active Agent 110,Dental Management Agent,Tablet / Drop / Topical,"Bad Breath, Acute dental discomfort, Related conditions",Follow clinical guidelines; consult a specialist if symptoms persist.,Unified Healthcare Clinical Database
MM_111,Den-Bad Breath-Rx 6,Compound For Bad Breath Type 6,Active Agent 111,Dental Management Agent,Tablet / Drop / Topical,"Bad Breath, Acute dental discomfort, Related conditions",Follow clinical guidelines; consult a specialist if symptoms persist.,Unified Healthcare Clinical Database
MM_112,Den-Bad Breath-Rx 7,Compound For Bad Breath Type 7,Active Agent 112,Dental Management Agent,Tablet / Drop / Topical,"Bad Breath, Acute dental discomfort, Related conditions",Follow clinical guidelines; consult a specialist if symptoms persist.,Unified Healthcare Clinical Database
MM_113,Gas-Stomachache-Rx 1,Compound For Stomachache Type 1,Active Agent 113,Gastrointestinal Management Agent,Tablet / Drop / Topical,"Stomachache, Acute gastrointestinal discomfort, Related conditions",Follow clinical guidelines; consult a specialist if symptoms persist.,Unified Healthcare Clinical Database
MM_114,Gas-Stomachache-Rx 2,Compound For Stomachache Type 2,Active Agent 114,Gastrointestinal Management Agent,Tablet / Drop / Topical,"Stomachache, Acute gastrointestinal discomfort, Related conditions",Follow clinical guidelines; consult a specialist if symptoms persist.,Unified Healthcare Clinical Database
MM_115,Gas-Stomachache-Rx 3,Compound For Stomachache Type 3,Active Agent 115,Gastrointestinal Management Agent,Tablet / Drop / Topical,"Stomachache, Acute gastrointestinal discomfort, Related conditions",Follow clinical guidelines; consult a specialist if symptoms persist.,Unified Healthcare Clinical Database
MM_116,Gas-Stomachache-Rx 4,Compound For Stomachache Type 4,Active Agent 116,Gastrointestinal Management Agent,Tablet / Drop / Topical,"Stomachache, Acute gastrointestinal discomfort, Related conditions",Follow clinical guidelines; consult a specialist if symptoms persist.,Unified Healthcare Clinical Database
MM_117,Gas-Stomachache-Rx 5,Compound For Stomachache Type 5,Active Agent 117,Gastrointestinal Management Agent,Tablet / Drop / Topical,"Stomachache, Acute gastrointestinal discomfort, Related conditions",Follow clinical guidelines; consult a specialist if symptoms persist.,Unified Healthcare Clinical Database
MM_118,Gas-Stomachache-Rx 6,Compound For Stomachache Type 6,Active Agent 118,Gastrointestinal Management Agent,Tablet / Drop / Topical,"Stomachache, Acute gastrointestinal discomfort, Related conditions",Follow clinical guidelines; consult a specialist if symptoms persist.,Unified Healthcare Clinical Database
MM_119,Gas-Stomachache-Rx 7,Compound For Stomachache Type 7,Active Agent 119,Gastrointestinal Management Agent,Tablet / Drop / Topical,"Stomachache, Acute gastrointestinal discomfort, Related conditions",Follow clinical guidelines; consult a specialist if symptoms persist.,Unified Healthcare Clinical Database
MM_120,Gas-Acidity-Rx 1,Compound For Acidity Type 1,Active Agent 120,Gastrointestinal Management Agent,Tablet / Drop / Topical,"Acidity, Acute gastrointestinal discomfort, Related conditions",Follow clinical guidelines; consult a specialist if symptoms persist.,Unified Healthcare Clinical Database
MM_121,Gas-Acidity-Rx 2,Compound For Acidity Type 2,Active Agent 121,Gastrointestinal Management Agent,Tablet / Drop / Topical,"Acidity, Acute gastrointestinal discomfort, Related conditions",Follow clinical guidelines; consult a specialist if symptoms persist.,Unified Healthcare Clinical Database
MM_122,Gas-Acidity-Rx 3,Compound For Acidity Type 3,Active Agent 122,Gastrointestinal Management Agent,Tablet / Drop / Topical,"Acidity, Acute gastrointestinal discomfort, Related conditions",Follow clinical guidelines; consult a specialist if symptoms persist.,Unified Healthcare Clinical Database
MM_123,Gas-Acidity-Rx 4,Compound For Acidity Type 4,Active Agent 123,Gastrointestinal Management Agent,Tablet / Drop / Topical,"Acidity, Acute gastrointestinal discomfort, Related conditions",Follow clinical guidelines; consult a specialist if symptoms persist.,Unified Healthcare Clinical Database
MM_124,Gas-Acidity-Rx 5,Compound For Acidity Type 5,Active Agent 124,Gastrointestinal Management Agent,Tablet / Drop / Topical,"Acidity, Acute gastrointestinal discomfort, Related conditions",Follow clinical guidelines; consult a specialist if symptoms persist.,Unified Healthcare Clinical Database
MM_125,Gas-Acidity-Rx 6,Compound For Acidity Type 6,Active Agent 125,Gastrointestinal Management Agent,Tablet / Drop / Topical,"Acidity, Acute gastrointestinal discomfort, Related conditions",Follow clinical guidelines; consult a specialist if symptoms persist.,Unified Healthcare Clinical Database
MM_126,Gas-Acidity-Rx 7,Compound For Acidity Type 7,Active Agent 126,Gastrointestinal Management Agent,Tablet / Drop / Topical,"Acidity, Acute gastrointestinal discomfort, Related conditions",Follow clinical guidelines; consult a specialist if symptoms persist.,Unified Healthcare Clinical Database
MM_127,Gas-Indigestion-Rx 1,Compound For Indigestion Type 1,Active Agent 127,Gastrointestinal Management Agent,Tablet / Drop / Topical,"Indigestion, Acute gastrointestinal discomfort, Related conditions",Follow clinical guidelines; consult a specialist if symptoms persist.,Unified Healthcare Clinical Database
MM_128,Gas-Indigestion-Rx 2,Compound For Indigestion Type 2,Active Agent 128,Gastrointestinal Management Agent,Tablet / Drop / Topical,"Indigestion, Acute gastrointestinal discomfort, Related conditions",Follow clinical guidelines; consult a specialist if symptoms persist.,Unified Healthcare Clinical Database
MM_129,Gas-Indigestion-Rx 3,Compound For Indigestion Type 3,Active Agent 129,Gastrointestinal Management Agent,Tablet / Drop / Topical,"Indigestion, Acute gastrointestinal discomfort, Related conditions",Follow clinical guidelines; consult a specialist if symptoms persist.,Unified Healthcare Clinical Database
MM_130,Gas-Indigestion-Rx 4,Compound For Indigestion Type 4,Active Agent 130,Gastrointestinal Management Agent,Tablet / Drop / Topical,"Indigestion, Acute gastrointestinal discomfort, Related conditions",Follow clinical guidelines; consult a specialist if symptoms persist.,Unified Healthcare Clinical Database
MM_131,Gas-Indigestion-Rx 5,Compound For Indigestion Type 5,Active Agent 131,Gastrointestinal Management Agent,Tablet / Drop / Topical,"Indigestion, Acute gastrointestinal discomfort, Related conditions",Follow clinical guidelines; consult a specialist if symptoms persist.,Unified Healthcare Clinical Database
MM_132,Gas-Indigestion-Rx 6,Compound For Indigestion Type 6,Active Agent 132,Gastrointestinal Management Agent,Tablet / Drop / Topical,"Indigestion, Acute gastrointestinal discomfort, Related conditions",Follow clinical guidelines; consult a specialist if symptoms persist.,Unified Healthcare Clinical Database
MM_133,Gas-Indigestion-Rx 7,Compound For Indigestion Type 7,Active Agent 133,Gastrointestinal Management Agent,Tablet / Drop / Topical,"Indigestion, Acute gastrointestinal discomfort, Related conditions",Follow clinical guidelines; consult a specialist if symptoms persist.,Unified Healthcare Clinical Database
MM_134,Gas-Nausea-Rx 1,Compound For Nausea Type 1,Active Agent 134,Gastrointestinal Management Agent,Tablet / Drop / Topical,"Nausea, Acute gastrointestinal discomfort, Related conditions",Follow clinical guidelines; consult a specialist if symptoms persist.,Unified Healthcare Clinical Database
MM_135,Gas-Nausea-Rx 2,Compound For Nausea Type 2,Active Agent 135,Gastrointestinal Management Agent,Tablet / Drop / Topical,"Nausea, Acute gastrointestinal discomfort, Related conditions",Follow clinical guidelines; consult a specialist if symptoms persist.,Unified Healthcare Clinical Database
MM_136,Gas-Nausea-Rx 3,Compound For Nausea Type 3,Active Agent 136,Gastrointestinal Management Agent,Tablet / Drop / Topical,"Nausea, Acute gastrointestinal discomfort, Related conditions",Follow clinical guidelines; consult a specialist if symptoms persist.,Unified Healthcare Clinical Database
MM_137,Gas-Nausea-Rx 4,Compound For Nausea Type 4,Active Agent 137,Gastrointestinal Management Agent,Tablet / Drop / Topical,"Nausea, Acute gastrointestinal discomfort, Related conditions",Follow clinical guidelines; consult a specialist if symptoms persist.,Unified Healthcare Clinical Database
MM_138,Gas-Nausea-Rx 5,Compound For Nausea Type 5,Active Agent 138,Gastrointestinal Management Agent,Tablet / Drop / Topical,"Nausea, Acute gastrointestinal discomfort, Related conditions",Follow clinical guidelines; consult a specialist if symptoms persist.,Unified Healthcare Clinical Database
MM_139,Gas-Nausea-Rx 6,Compound For Nausea Type 6,Active Agent 139,Gastrointestinal Management Agent,Tablet / Drop / Topical,"Nausea, Acute gastrointestinal discomfort, Related conditions",Follow clinical guidelines; consult a specialist if symptoms persist.,Unified Healthcare Clinical Database
MM_140,Gas-Nausea-Rx 7,Compound For Nausea Type 7,Active Agent 140,Gastrointestinal Management Agent,Tablet / Drop / Topical,"Nausea, Acute gastrointestinal discomfort, Related conditions",Follow clinical guidelines; consult a specialist if symptoms persist.,Unified Healthcare Clinical Database
MM_141,Gas-Vomiting-Rx 1,Compound For Vomiting Type 1,Active Agent 141,Gastrointestinal Management Agent,Tablet / Drop / Topical,"Vomiting, Acute gastrointestinal discomfort, Related conditions",Follow clinical guidelines; consult a specialist if symptoms persist.,Unified Healthcare Clinical Database
MM_142,Gas-Vomiting-Rx 2,Compound For Vomiting Type 2,Active Agent 142,Gastrointestinal Management Agent,Tablet / Drop / Topical,"Vomiting, Acute gastrointestinal discomfort, Related conditions",Follow clinical guidelines; consult a specialist if symptoms persist.,Unified Healthcare Clinical Database
MM_143,Gas-Vomiting-Rx 3,Compound For Vomiting Type 3,Active Agent 143,Gastrointestinal Management Agent,Tablet / Drop / Topical,"Vomiting, Acute gastrointestinal discomfort, Related conditions",Follow clinical guidelines; consult a specialist if symptoms persist.,Unified Healthcare Clinical Database
MM_144,Gas-Vomiting-Rx 4,Compound For Vomiting Type 4,Active Agent 144,Gastrointestinal Management Agent,Tablet / Drop / Topical,"Vomiting, Acute gastrointestinal discomfort, Related conditions",Follow clinical guidelines; consult a specialist if symptoms persist.,Unified Healthcare Clinical Database
MM_145,Gas-Vomiting-Rx 5,Compound For Vomiting Type 5,Active Agent 145,Gastrointestinal Management Agent,Tablet / Drop / Topical,"Vomiting, Acute gastrointestinal discomfort, Related conditions",Follow clinical guidelines; consult a specialist if symptoms persist.,Unified Healthcare Clinical Database
MM_146,Gas-Vomiting-Rx 6,Compound For Vomiting Type 6,Active Agent 146,Gastrointestinal Management Agent,Tablet / Drop / Topical,"Vomiting, Acute gastrointestinal discomfort, Related conditions",Follow clinical guidelines; consult a specialist if symptoms persist.,Unified Healthcare Clinical Database
MM_147,Gas-Vomiting-Rx 7,Compound For Vomiting Type 7,Active Agent 147,Gastrointestinal Management Agent,Tablet / Drop / Topical,"Vomiting, Acute gastrointestinal discomfort, Related conditions",Follow clinical guidelines; consult a specialist if symptoms persist.,Unified Healthcare Clinical Database
MM_148,Gas-Bloating-Rx 1,Compound For Bloating Type 1,Active Agent 148,Gastrointestinal Management Agent,Tablet / Drop / Topical,"Bloating, Acute gastrointestinal discomfort, Related conditions",Follow clinical guidelines; consult a specialist if symptoms persist.,Unified Healthcare Clinical Database
MM_149,Gas-Bloating-Rx 2,Compound For Bloating Type 2,Active Agent 149,Gastrointestinal Management Agent,Tablet / Drop / Topical,"Bloating, Acute gastrointestinal discomfort, Related conditions",Follow clinical guidelines; consult a specialist if symptoms persist.,Unified Healthcare Clinical Database
MM_150,Gas-Bloating-Rx 3,Compound For Bloating Type 3,Active Agent 150,Gastrointestinal Management Agent,Tablet / Drop / Topical,"Bloating, Acute gastrointestinal discomfort, Related conditions",Follow clinical guidelines; consult a specialist if symptoms persist.,Unified Healthcare Clinical Database
MM_151,Gas-Bloating-Rx 4,Compound For Bloating Type 4,Active Agent 151,Gastrointestinal Management Agent,Tablet / Drop / Topical,"Bloating, Acute gastrointestinal discomfort, Related conditions",Follow clinical guidelines; consult a specialist if symptoms persist.,Unified Healthcare Clinical Database
MM_152,Gas-Bloating-Rx 5,Compound For Bloating Type 5,Active Agent 152,Gastrointestinal Management Agent,Tablet / Drop / Topical,"Bloating, Acute gastrointestinal discomfort, Related conditions",Follow clinical guidelines; consult a specialist if symptoms persist.,Unified Healthcare Clinical Database
MM_153,Gas-Bloating-Rx 6,Compound For Bloating Type 6,Active Agent 153,Gastrointestinal Management Agent,Tablet / Drop / Topical,"Bloating, Acute gastrointestinal discomfort, Related conditions",Follow clinical guidelines; consult a specialist if symptoms persist.,Unified Healthcare Clinical Database
MM_154,Gas-Bloating-Rx 7,Compound For Bloating Type 7,Active Agent 154,Gastrointestinal Management Agent,Tablet / Drop / Topical,"Bloating, Acute gastrointestinal discomfort, Related conditions",Follow clinical guidelines; consult a specialist if symptoms persist.,Unified Healthcare Clinical Database
MM_155,Gas-Constipation-Rx 1,Compound For Constipation Type 1,Active Agent 155,Gastrointestinal Management Agent,Tablet / Drop / Topical,"Constipation, Acute gastrointestinal discomfort, Related conditions",Follow clinical guidelines; consult a specialist if symptoms persist.,Unified Healthcare Clinical Database
MM_156,Gas-Constipation-Rx 2,Compound For Constipation Type 2,Active Agent 156,Gastrointestinal Management Agent,Tablet / Drop / Topical,"Constipation, Acute gastrointestinal discomfort, Related conditions",Follow clinical guidelines; consult a specialist if symptoms persist.,Unified Healthcare Clinical Database
MM_157,Gas-Constipation-Rx 3,Compound For Constipation Type 3,Active Agent 157,Gastrointestinal Management Agent,Tablet / Drop / Topical,"Constipation, Acute gastrointestinal discomfort, Related conditions",Follow clinical guidelines; consult a specialist if symptoms persist.,Unified Healthcare Clinical Database
MM_158,Gas-Constipation-Rx 4,Compound For Constipation Type 4,Active Agent 158,Gastrointestinal Management Agent,Tablet / Drop / Topical,"Constipation, Acute gastrointestinal discomfort, Related conditions",Follow clinical guidelines; consult a specialist if symptoms persist.,Unified Healthcare Clinical Database
MM_159,Gas-Constipation-Rx 5,Compound For Constipation Type 5,Active Agent 159,Gastrointestinal Management Agent,Tablet / Drop / Topical,"Constipation, Acute gastrointestinal discomfort, Related conditions",Follow clinical guidelines; consult a specialist if symptoms persist.,Unified Healthcare Clinical Database
MM_160,Gas-Constipation-Rx 6,Compound For Constipation Type 6,Active Agent 160,Gastrointestinal Management Agent,Tablet / Drop / Topical,"Constipation, Acute gastrointestinal discomfort, Related conditions",Follow clinical guidelines; consult a specialist if symptoms persist.,Unified Healthcare Clinical Database
MM_161,Gas-Constipation-Rx 7,Compound For Constipation Type 7,Active Agent 161,Gastrointestinal Management Agent,Tablet / Drop / Topical,"Constipation, Acute gastrointestinal discomfort, Related conditions",Follow clinical guidelines; consult a specialist if symptoms persist.,Unified Healthcare Clinical Database
MM_162,Gas-Diarrhea-Rx 1,Compound For Diarrhea Type 1,Active Agent 162,Gastrointestinal Management Agent,Tablet / Drop / Topical,"Diarrhea, Acute gastrointestinal discomfort, Related conditions",Follow clinical guidelines; consult a specialist if symptoms persist.,Unified Healthcare Clinical Database
MM_163,Gas-Diarrhea-Rx 2,Compound For Diarrhea Type 2,Active Agent 163,Gastrointestinal Management Agent,Tablet / Drop / Topical,"Diarrhea, Acute gastrointestinal discomfort, Related conditions",Follow clinical guidelines; consult a specialist if symptoms persist.,Unified Healthcare Clinical Database
MM_164,Gas-Diarrhea-Rx 3,Compound For Diarrhea Type 3,Active Agent 164,Gastrointestinal Management Agent,Tablet / Drop / Topical,"Diarrhea, Acute gastrointestinal discomfort, Related conditions",Follow clinical guidelines; consult a specialist if symptoms persist.,Unified Healthcare Clinical Database
MM_165,Gas-Diarrhea-Rx 4,Compound For Diarrhea Type 4,Active Agent 165,Gastrointestinal Management Agent,Tablet / Drop / Topical,"Diarrhea, Acute gastrointestinal discomfort, Related conditions",Follow clinical guidelines; consult a specialist if symptoms persist.,Unified Healthcare Clinical Database
MM_166,Gas-Diarrhea-Rx 5,Compound For Diarrhea Type 5,Active Agent 166,Gastrointestinal Management Agent,Tablet / Drop / Topical,"Diarrhea, Acute gastrointestinal discomfort, Related conditions",Follow clinical guidelines; consult a specialist if symptoms persist.,Unified Healthcare Clinical Database
MM_167,Gas-Diarrhea-Rx 6,Compound For Diarrhea Type 6,Active Agent 167,Gastrointestinal Management Agent,Tablet / Drop / Topical,"Diarrhea, Acute gastrointestinal discomfort, Related conditions",Follow clinical guidelines; consult a specialist if symptoms persist.,Unified Healthcare Clinical Database
MM_168,Gas-Diarrhea-Rx 7,Compound For Diarrhea Type 7,Active Agent 168,Gastrointestinal Management Agent,Tablet / Drop / Topical,"Diarrhea, Acute gastrointestinal discomfort, Related conditions",Follow clinical guidelines; consult a specialist if symptoms persist.,Unified Healthcare Clinical Database
MM_169,Gas-Gastritis-Rx 1,Compound For Gastritis Type 1,Active Agent 169,Gastrointestinal Management Agent,Tablet / Drop / Topical,"Gastritis, Acute gastrointestinal discomfort, Related conditions",Follow clinical guidelines; consult a specialist if symptoms persist.,Unified Healthcare Clinical Database
MM_170,Gas-Gastritis-Rx 2,Compound For Gastritis Type 2,Active Agent 170,Gastrointestinal Management Agent,Tablet / Drop / Topical,"Gastritis, Acute gastrointestinal discomfort, Related conditions",Follow clinical guidelines; consult a specialist if symptoms persist.,Unified Healthcare Clinical Database
MM_171,Gas-Gastritis-Rx 3,Compound For Gastritis Type 3,Active Agent 171,Gastrointestinal Management Agent,Tablet / Drop / Topical,"Gastritis, Acute gastrointestinal discomfort, Related conditions",Follow clinical guidelines; consult a specialist if symptoms persist.,Unified Healthcare Clinical Database
MM_172,Gas-Gastritis-Rx 4,Compound For Gastritis Type 4,Active Agent 172,Gastrointestinal Management Agent,Tablet / Drop / Topical,"Gastritis, Acute gastrointestinal discomfort, Related conditions",Follow clinical guidelines; consult a specialist if symptoms persist.,Unified Healthcare Clinical Database
MM_173,Gas-Gastritis-Rx 5,Compound For Gastritis Type 5,Active Agent 173,Gastrointestinal Management Agent,Tablet / Drop / Topical,"Gastritis, Acute gastrointestinal discomfort, Related conditions",Follow clinical guidelines; consult a specialist if symptoms persist.,Unified Healthcare Clinical Database
MM_174,Gas-Gastritis-Rx 6,Compound For Gastritis Type 6,Active Agent 174,Gastrointestinal Management Agent,Tablet / Drop / Topical,"Gastritis, Acute gastrointestinal discomfort, Related conditions",Follow clinical guidelines; consult a specialist if symptoms persist.,Unified Healthcare Clinical Database
MM_175,Gas-Gastritis-Rx 7,Compound For Gastritis Type 7,Active Agent 175,Gastrointestinal Management Agent,Tablet / Drop / Topical,"Gastritis, Acute gastrointestinal discomfort, Related conditions",Follow clinical guidelines; consult a specialist if symptoms persist.,Unified Healthcare Clinical Database
MM_176,Gas-Acid Reflux-Rx 1,Compound For Acid Reflux Type 1,Active Agent 176,Gastrointestinal Management Agent,Tablet / Drop / Topical,"Acid Reflux, Acute gastrointestinal discomfort, Related conditions",Follow clinical guidelines; consult a specialist if symptoms persist.,Unified Healthcare Clinical Database
MM_177,Gas-Acid Reflux-Rx 2,Compound For Acid Reflux Type 2,Active Agent 177,Gastrointestinal Management Agent,Tablet / Drop / Topical,"Acid Reflux, Acute gastrointestinal discomfort, Related conditions",Follow clinical guidelines; consult a specialist if symptoms persist.,Unified Healthcare Clinical Database
MM_178,Gas-Acid Reflux-Rx 3,Compound For Acid Reflux Type 3,Active Agent 178,Gastrointestinal Management Agent,Tablet / Drop / Topical,"Acid Reflux, Acute gastrointestinal discomfort, Related conditions",Follow clinical guidelines; consult a specialist if symptoms persist.,Unified Healthcare Clinical Database
MM_179,Gas-Acid Reflux-Rx 4,Compound For Acid Reflux Type 4,Active Agent 179,Gastrointestinal Management Agent,Tablet / Drop / Topical,"Acid Reflux, Acute gastrointestinal discomfort, Related conditions",Follow clinical guidelines; consult a specialist if symptoms persist.,Unified Healthcare Clinical Database
MM_180,Gas-Acid Reflux-Rx 5,Compound For Acid Reflux Type 5,Active Agent 180,Gastrointestinal Management Agent,Tablet / Drop / Topical,"Acid Reflux, Acute gastrointestinal discomfort, Related conditions",Follow clinical guidelines; consult a specialist if symptoms persist.,Unified Healthcare Clinical Database
MM_181,Gas-Acid Reflux-Rx 6,Compound For Acid Reflux Type 6,Active Agent 181,Gastrointestinal Management Agent,Tablet / Drop / Topical,"Acid Reflux, Acute gastrointestinal discomfort, Related conditions",Follow clinical guidelines; consult a specialist if symptoms persist.,Unified Healthcare Clinical Database
MM_182,Gas-Acid Reflux-Rx 7,Compound For Acid Reflux Type 7,Active Agent 182,Gastrointestinal Management Agent,Tablet / Drop / Topical,"Acid Reflux, Acute gastrointestinal discomfort, Related conditions",Follow clinical guidelines; consult a specialist if symptoms persist.,Unified Healthcare Clinical Database
MM_183,Res-Cough-Rx 1,Compound For Cough Type 1,Active Agent 183,Respiratory Management Agent,Tablet / Drop / Topical,"Cough, Acute respiratory discomfort, Related conditions",Follow clinical guidelines; consult a specialist if symptoms persist.,Unified Healthcare Clinical Database
MM_184,Res-Cough-Rx 2,Compound For Cough Type 2,Active Agent 184,Respiratory Management Agent,Tablet / Drop / Topical,"Cough, Acute respiratory discomfort, Related conditions",Follow clinical guidelines; consult a specialist if symptoms persist.,Unified Healthcare Clinical Database
MM_185,Res-Cough-Rx 3,Compound For Cough Type 3,Active Agent 185,Respiratory Management Agent,Tablet / Drop / Topical,"Cough, Acute respiratory discomfort, Related conditions",Follow clinical guidelines; consult a specialist if symptoms persist.,Unified Healthcare Clinical Database
MM_186,Res-Cough-Rx 4,Compound For Cough Type 4,Active Agent 186,Respiratory Management Agent,Tablet / Drop / Topical,"Cough, Acute respiratory discomfort, Related conditions",Follow clinical guidelines; consult a specialist if symptoms persist.,Unified Healthcare Clinical Database
MM_187,Res-Cough-Rx 5,Compound For Cough Type 5,Active Agent 187,Respiratory Management Agent,Tablet / Drop / Topical,"Cough, Acute respiratory discomfort, Related conditions",Follow clinical guidelines; consult a specialist if symptoms persist.,Unified Healthcare Clinical Database
MM_188,Res-Cough-Rx 6,Compound For Cough Type 6,Active Agent 188,Respiratory Management Agent,Tablet / Drop / Topical,"Cough, Acute respiratory discomfort, Related conditions",Follow clinical guidelines; consult a specialist if symptoms persist.,Unified Healthcare Clinical Database
MM_189,Res-Cough-Rx 7,Compound For Cough Type 7,Active Agent 189,Respiratory Management Agent,Tablet / Drop / Topical,"Cough, Acute respiratory discomfort, Related conditions",Follow clinical guidelines; consult a specialist if symptoms persist.,Unified Healthcare Clinical Database
MM_190,Res-Cold-Rx 1,Compound For Cold Type 1,Active Agent 190,Respiratory Management Agent,Tablet / Drop / Topical,"Cold, Acute respiratory discomfort, Related conditions",Follow clinical guidelines; consult a specialist if symptoms persist.,Unified Healthcare Clinical Database
MM_191,Res-Cold-Rx 2,Compound For Cold Type 2,Active Agent 191,Respiratory Management Agent,Tablet / Drop / Topical,"Cold, Acute respiratory discomfort, Related conditions",Follow clinical guidelines; consult a specialist if symptoms persist.,Unified Healthcare Clinical Database
MM_192,Res-Cold-Rx 3,Compound For Cold Type 3,Active Agent 192,Respiratory Management Agent,Tablet / Drop / Topical,"Cold, Acute respiratory discomfort, Related conditions",Follow clinical guidelines; consult a specialist if symptoms persist.,Unified Healthcare Clinical Database
MM_193,Res-Cold-Rx 4,Compound For Cold Type 4,Active Agent 193,Respiratory Management Agent,Tablet / Drop / Topical,"Cold, Acute respiratory discomfort, Related conditions",Follow clinical guidelines; consult a specialist if symptoms persist.,Unified Healthcare Clinical Database
MM_194,Res-Cold-Rx 5,Compound For Cold Type 5,Active Agent 194,Respiratory Management Agent,Tablet / Drop / Topical,"Cold, Acute respiratory discomfort, Related conditions",Follow clinical guidelines; consult a specialist if symptoms persist.,Unified Healthcare Clinical Database
MM_195,Res-Cold-Rx 6,Compound For Cold Type 6,Active Agent 195,Respiratory Management Agent,Tablet / Drop / Topical,"Cold, Acute respiratory discomfort, Related conditions",Follow clinical guidelines; consult a specialist if symptoms persist.,Unified Healthcare Clinical Database
MM_196,Res-Cold-Rx 7,Compound For Cold Type 7,Active Agent 196,Respiratory Management Agent,Tablet / Drop / Topical,"Cold, Acute respiratory discomfort, Related conditions",Follow clinical guidelines; consult a specialist if symptoms persist.,Unified Healthcare Clinical Database
MM_197,Res-Shortness of Breath-Rx 1,Compound For Shortness Of Breath Type 1,Active Agent 197,Respiratory Management Agent,Tablet / Drop / Topical,"Shortness of Breath, Acute respiratory discomfort, Related conditions",Follow clinical guidelines; consult a specialist if symptoms persist.,Unified Healthcare Clinical Database
MM_198,Res-Shortness of Breath-Rx 2,Compound For Shortness Of Breath Type 2,Active Agent 198,Respiratory Management Agent,Tablet / Drop / Topical,"Shortness of Breath, Acute respiratory discomfort, Related conditions",Follow clinical guidelines; consult a specialist if symptoms persist.,Unified Healthcare Clinical Database
MM_199,Res-Shortness of Breath-Rx 3,Compound For Shortness Of Breath Type 3,Active Agent 199,Respiratory Management Agent,Tablet / Drop / Topical,"Shortness of Breath, Acute respiratory discomfort, Related conditions",Follow clinical guidelines; consult a specialist if symptoms persist.,Unified Healthcare Clinical Database
MM_200,Res-Shortness of Breath-Rx 4,Compound For Shortness Of Breath Type 4,Active Agent 200,Respiratory Management Agent,Tablet / Drop / Topical,"Shortness of Breath, Acute respiratory discomfort, Related conditions",Follow clinical guidelines; consult a specialist if symptoms persist.,Unified Healthcare Clinical Database
MM_201,Res-Shortness of Breath-Rx 5,Compound For Shortness Of Breath Type 5,Active Agent 201,Respiratory Management Agent,Tablet / Drop / Topical,"Shortness of Breath, Acute respiratory discomfort, Related conditions",Follow clinical guidelines; consult a specialist if symptoms persist.,Unified Healthcare Clinical Database
MM_202,Res-Shortness of Breath-Rx 6,Compound For Shortness Of Breath Type 6,Active Agent 202,Respiratory Management Agent,Tablet / Drop / Topical,"Shortness of Breath, Acute respiratory discomfort, Related conditions",Follow clinical guidelines; consult a specialist if symptoms persist.,Unified Healthcare Clinical Database
MM_203,Res-Shortness of Breath-Rx 7,Compound For Shortness Of Breath Type 7,Active Agent 203,Respiratory Management Agent,Tablet / Drop / Topical,"Shortness of Breath, Acute respiratory discomfort, Related conditions",Follow clinical guidelines; consult a specialist if symptoms persist.,Unified Healthcare Clinical Database
MM_204,Res-Wheezing-Rx 1,Compound For Wheezing Type 1,Active Agent 204,Respiratory Management Agent,Tablet / Drop / Topical,"Wheezing, Acute respiratory discomfort, Related conditions",Follow clinical guidelines; consult a specialist if symptoms persist.,Unified Healthcare Clinical Database
MM_205,Res-Wheezing-Rx 2,Compound For Wheezing Type 2,Active Agent 205,Respiratory Management Agent,Tablet / Drop / Topical,"Wheezing, Acute respiratory discomfort, Related conditions",Follow clinical guidelines; consult a specialist if symptoms persist.,Unified Healthcare Clinical Database
MM_206,Res-Wheezing-Rx 3,Compound For Wheezing Type 3,Active Agent 206,Respiratory Management Agent,Tablet / Drop / Topical,"Wheezing, Acute respiratory discomfort, Related conditions",Follow clinical guidelines; consult a specialist if symptoms persist.,Unified Healthcare Clinical Database
MM_207,Res-Wheezing-Rx 4,Compound For Wheezing Type 4,Active Agent 207,Respiratory Management Agent,Tablet / Drop / Topical,"Wheezing, Acute respiratory discomfort, Related conditions",Follow clinical guidelines; consult a specialist if symptoms persist.,Unified Healthcare Clinical Database
MM_208,Res-Wheezing-Rx 5,Compound For Wheezing Type 5,Active Agent 208,Respiratory Management Agent,Tablet / Drop / Topical,"Wheezing, Acute respiratory discomfort, Related conditions",Follow clinical guidelines; consult a specialist if symptoms persist.,Unified Healthcare Clinical Database
MM_209,Res-Wheezing-Rx 6,Compound For Wheezing Type 6,Active Agent 209,Respiratory Management Agent,Tablet / Drop / Topical,"Wheezing, Acute respiratory discomfort, Related conditions",Follow clinical guidelines; consult a specialist if symptoms persist.,Unified Healthcare Clinical Database
MM_210,Res-Wheezing-Rx 7,Compound For Wheezing Type 7,Active Agent 210,Respiratory Management Agent,Tablet / Drop / Topical,"Wheezing, Acute respiratory discomfort, Related conditions",Follow clinical guidelines; consult a specialist if symptoms persist.,Unified Healthcare Clinical Database
MM_211,Res-Sore Throat-Rx 1,Compound For Sore Throat Type 1,Active Agent 211,Respiratory Management Agent,Tablet / Drop / Topical,"Sore Throat, Acute respiratory discomfort, Related conditions",Follow clinical guidelines; consult a specialist if symptoms persist.,Unified Healthcare Clinical Database
MM_212,Res-Sore Throat-Rx 2,Compound For Sore Throat Type 2,Active Agent 212,Respiratory Management Agent,Tablet / Drop / Topical,"Sore Throat, Acute respiratory discomfort, Related conditions",Follow clinical guidelines; consult a specialist if symptoms persist.,Unified Healthcare Clinical Database
MM_213,Res-Sore Throat-Rx 3,Compound For Sore Throat Type 3,Active Agent 213,Respiratory Management Agent,Tablet / Drop / Topical,"Sore Throat, Acute respiratory discomfort, Related conditions",Follow clinical guidelines; consult a specialist if symptoms persist.,Unified Healthcare Clinical Database
MM_214,Res-Sore Throat-Rx 4,Compound For Sore Throat Type 4,Active Agent 214,Respiratory Management Agent,Tablet / Drop / Topical,"Sore Throat, Acute respiratory discomfort, Related conditions",Follow clinical guidelines; consult a specialist if symptoms persist.,Unified Healthcare Clinical Database
MM_215,Res-Sore Throat-Rx 5,Compound For Sore Throat Type 5,Active Agent 215,Respiratory Management Agent,Tablet / Drop / Topical,"Sore Throat, Acute respiratory discomfort, Related conditions",Follow clinical guidelines; consult a specialist if symptoms persist.,Unified Healthcare Clinical Database
MM_216,Res-Sore Throat-Rx 6,Compound For Sore Throat Type 6,Active Agent 216,Respiratory Management Agent,Tablet / Drop / Topical,"Sore Throat, Acute respiratory discomfort, Related conditions",Follow clinical guidelines; consult a specialist if symptoms persist.,Unified Healthcare Clinical Database
MM_217,Res-Sore Throat-Rx 7,Compound For Sore Throat Type 7,Active Agent 217,Respiratory Management Agent,Tablet / Drop / Topical,"Sore Throat, Acute respiratory discomfort, Related conditions",Follow clinical guidelines; consult a specialist if symptoms persist.,Unified Healthcare Clinical Database
MM_218,Res-Chest Congestion-Rx 1,Compound For Chest Congestion Type 1,Active Agent 218,Respiratory Management Agent,Tablet / Drop / Topical,"Chest Congestion, Acute respiratory discomfort, Related conditions",Follow clinical guidelines; consult a specialist if symptoms persist.,Unified Healthcare Clinical Database
MM_219,Res-Chest Congestion-Rx 2,Compound For Chest Congestion Type 2,Active Agent 219,Respiratory Management Agent,Tablet / Drop / Topical,"Chest Congestion, Acute respiratory discomfort, Related conditions",Follow clinical guidelines; consult a specialist if symptoms persist.,Unified Healthcare Clinical Database
MM_220,Res-Chest Congestion-Rx 3,Compound For Chest Congestion Type 3,Active Agent 220,Respiratory Management Agent,Tablet / Drop / Topical,"Chest Congestion, Acute respiratory discomfort, Related conditions",Follow clinical guidelines; consult a specialist if symptoms persist.,Unified Healthcare Clinical Database
MM_221,Res-Chest Congestion-Rx 4,Compound For Chest Congestion Type 4,Active Agent 221,Respiratory Management Agent,Tablet / Drop / Topical,"Chest Congestion, Acute respiratory discomfort, Related conditions",Follow clinical guidelines; consult a specialist if symptoms persist.,Unified Healthcare Clinical Database
MM_222,Res-Chest Congestion-Rx 5,Compound For Chest Congestion Type 5,Active Agent 222,Respiratory Management Agent,Tablet / Drop / Topical,"Chest Congestion, Acute respiratory discomfort, Related conditions",Follow clinical guidelines; consult a specialist if symptoms persist.,Unified Healthcare Clinical Database
MM_223,Res-Chest Congestion-Rx 6,Compound For Chest Congestion Type 6,Active Agent 223,Respiratory Management Agent,Tablet / Drop / Topical,"Chest Congestion, Acute respiratory discomfort, Related conditions",Follow clinical guidelines; consult a specialist if symptoms persist.,Unified Healthcare Clinical Database
MM_224,Res-Chest Congestion-Rx 7,Compound For Chest Congestion Type 7,Active Agent 224,Respiratory Management Agent,Tablet / Drop / Topical,"Chest Congestion, Acute respiratory discomfort, Related conditions",Follow clinical guidelines; consult a specialist if symptoms persist.,Unified Healthcare Clinical Database
MM_225,Res-Sinusitis-Rx 1,Compound For Sinusitis Type 1,Active Agent 225,Respiratory Management Agent,Tablet / Drop / Topical,"Sinusitis, Acute respiratory discomfort, Related conditions",Follow clinical guidelines; consult a specialist if symptoms persist.,Unified Healthcare Clinical Database
MM_226,Res-Sinusitis-Rx 2,Compound For Sinusitis Type 2,Active Agent 226,Respiratory Management Agent,Tablet / Drop / Topical,"Sinusitis, Acute respiratory discomfort, Related conditions",Follow clinical guidelines; consult a specialist if symptoms persist.,Unified Healthcare Clinical Database
MM_227,Res-Sinusitis-Rx 3,Compound For Sinusitis Type 3,Active Agent 227,Respiratory Management Agent,Tablet / Drop / Topical,"Sinusitis, Acute respiratory discomfort, Related conditions",Follow clinical guidelines; consult a specialist if symptoms persist.,Unified Healthcare Clinical Database
MM_228,Res-Sinusitis-Rx 4,Compound For Sinusitis Type 4,Active Agent 228,Respiratory Management Agent,Tablet / Drop / Topical,"Sinusitis, Acute respiratory discomfort, Related conditions",Follow clinical guidelines; consult a specialist if symptoms persist.,Unified Healthcare Clinical Database
MM_229,Res-Sinusitis-Rx 5,Compound For Sinusitis Type 5,Active Agent 229,Respiratory Management Agent,Tablet / Drop / Topical,"Sinusitis, Acute respiratory discomfort, Related conditions",Follow clinical guidelines; consult a specialist if symptoms persist.,Unified Healthcare Clinical Database
MM_230,Res-Sinusitis-Rx 6,Compound For Sinusitis Type 6,Active Agent 230,Respiratory Management Agent,Tablet / Drop / Topical,"Sinusitis, Acute respiratory discomfort, Related conditions",Follow clinical guidelines; consult a specialist if symptoms persist.,Unified Healthcare Clinical Database
MM_231,Res-Sinusitis-Rx 7,Compound For Sinusitis Type 7,Active Agent 231,Respiratory Management Agent,Tablet / Drop / Topical,"Sinusitis, Acute respiratory discomfort, Related conditions",Follow clinical guidelines; consult a specialist if symptoms persist.,Unified Healthcare Clinical Database
MM_232,Res-Bronchitis-Rx 1,Compound For Bronchitis Type 1,Active Agent 232,Respiratory Management Agent,Tablet / Drop / Topical,"Bronchitis, Acute respiratory discomfort, Related conditions",Follow clinical guidelines; consult a specialist if symptoms persist.,Unified Healthcare Clinical Database
MM_233,Res-Bronchitis-Rx 2,Compound For Bronchitis Type 2,Active Agent 233,Respiratory Management Agent,Tablet / Drop / Topical,"Bronchitis, Acute respiratory discomfort, Related conditions",Follow clinical guidelines; consult a specialist if symptoms persist.,Unified Healthcare Clinical Database
MM_234,Res-Bronchitis-Rx 3,Compound For Bronchitis Type 3,Active Agent 234,Respiratory Management Agent,Tablet / Drop / Topical,"Bronchitis, Acute respiratory discomfort, Related conditions",Follow clinical guidelines; consult a specialist if symptoms persist.,Unified Healthcare Clinical Database
MM_235,Res-Bronchitis-Rx 4,Compound For Bronchitis Type 4,Active Agent 235,Respiratory Management Agent,Tablet / Drop / Topical,"Bronchitis, Acute respiratory discomfort, Related conditions",Follow clinical guidelines; consult a specialist if symptoms persist.,Unified Healthcare Clinical Database
MM_236,Res-Bronchitis-Rx 5,Compound For Bronchitis Type 5,Active Agent 236,Respiratory Management Agent,Tablet / Drop / Topical,"Bronchitis, Acute respiratory discomfort, Related conditions",Follow clinical guidelines; consult a specialist if symptoms persist.,Unified Healthcare Clinical Database
MM_237,Res-Bronchitis-Rx 6,Compound For Bronchitis Type 6,Active Agent 237,Respiratory Management Agent,Tablet / Drop / Topical,"Bronchitis, Acute respiratory discomfort, Related conditions",Follow clinical guidelines; consult a specialist if symptoms persist.,Unified Healthcare Clinical Database
MM_238,Res-Bronchitis-Rx 7,Compound For Bronchitis Type 7,Active Agent 238,Respiratory Management Agent,Tablet / Drop / Topical,"Bronchitis, Acute respiratory discomfort, Related conditions",Follow clinical guidelines; consult a specialist if symptoms persist.,Unified Healthcare Clinical Database
MM_239,Res-Asthma Flare-Rx 1,Compound For Asthma Flare Type 1,Active Agent 239,Respiratory Management Agent,Tablet / Drop / Topical,"Asthma Flare, Acute respiratory discomfort, Related conditions",Follow clinical guidelines; consult a specialist if symptoms persist.,Unified Healthcare Clinical Database
MM_240,Res-Asthma Flare-Rx 2,Compound For Asthma Flare Type 2,Active Agent 240,Respiratory Management Agent,Tablet / Drop / Topical,"Asthma Flare, Acute respiratory discomfort, Related conditions",Follow clinical guidelines; consult a specialist if symptoms persist.,Unified Healthcare Clinical Database
MM_241,Res-Asthma Flare-Rx 3,Compound For Asthma Flare Type 3,Active Agent 241,Respiratory Management Agent,Tablet / Drop / Topical,"Asthma Flare, Acute respiratory discomfort, Related conditions",Follow clinical guidelines; consult a specialist if symptoms persist.,Unified Healthcare Clinical Database
MM_242,Res-Asthma Flare-Rx 4,Compound For Asthma Flare Type 4,Active Agent 242,Respiratory Management Agent,Tablet / Drop / Topical,"Asthma Flare, Acute respiratory discomfort, Related conditions",Follow clinical guidelines; consult a specialist if symptoms persist.,Unified Healthcare Clinical Database
MM_243,Res-Asthma Flare-Rx 5,Compound For Asthma Flare Type 5,Active Agent 243,Respiratory Management Agent,Tablet / Drop / Topical,"Asthma Flare, Acute respiratory discomfort, Related conditions",Follow clinical guidelines; consult a specialist if symptoms persist.,Unified Healthcare Clinical Database
MM_244,Res-Asthma Flare-Rx 6,Compound For Asthma Flare Type 6,Active Agent 244,Respiratory Management Agent,Tablet / Drop / Topical,"Asthma Flare, Acute respiratory discomfort, Related conditions",Follow clinical guidelines; consult a specialist if symptoms persist.,Unified Healthcare Clinical Database
MM_245,Res-Asthma Flare-Rx 7,Compound For Asthma Flare Type 7,Active Agent 245,Respiratory Management Agent,Tablet / Drop / Topical,"Asthma Flare, Acute respiratory discomfort, Related conditions",Follow clinical guidelines; consult a specialist if symptoms persist.,Unified Healthcare Clinical Database
MM_246,Neu-Headache-Rx 1,Compound For Headache Type 1,Active Agent 246,Neurological Management Agent,Tablet / Drop / Topical,"Headache, Acute neurological discomfort, Related conditions",Follow clinical guidelines; consult a specialist if symptoms persist.,Unified Healthcare Clinical Database
MM_247,Neu-Headache-Rx 2,Compound For Headache Type 2,Active Agent 247,Neurological Management Agent,Tablet / Drop / Topical,"Headache, Acute neurological discomfort, Related conditions",Follow clinical guidelines; consult a specialist if symptoms persist.,Unified Healthcare Clinical Database
MM_248,Neu-Headache-Rx 3,Compound For Headache Type 3,Active Agent 248,Neurological Management Agent,Tablet / Drop / Topical,"Headache, Acute neurological discomfort, Related conditions",Follow clinical guidelines; consult a specialist if symptoms persist.,Unified Healthcare Clinical Database
MM_249,Neu-Headache-Rx 4,Compound For Headache Type 4,Active Agent 249,Neurological Management Agent,Tablet / Drop / Topical,"Headache, Acute neurological discomfort, Related conditions",Follow clinical guidelines; consult a specialist if symptoms persist.,Unified Healthcare Clinical Database
MM_250,Neu-Headache-Rx 5,Compound For Headache Type 5,Active Agent 250,Neurological Management Agent,Tablet / Drop / Topical,"Headache, Acute neurological discomfort, Related conditions",Follow clinical guidelines; consult a specialist if symptoms persist.,Unified Healthcare Clinical Database
MM_251,Neu-Headache-Rx 6,Compound For Headache Type 6,Active Agent 251,Neurological Management Agent,Tablet / Drop / Topical,"Headache, Acute neurological discomfort, Related conditions",Follow clinical guidelines; consult a specialist if symptoms persist.,Unified Healthcare Clinical Database
MM_252,Neu-Headache-Rx 7,Compound For Headache Type 7,Active Agent 252,Neurological Management Agent,Tablet / Drop / Topical,"Headache, Acute neurological discomfort, Related conditions",Follow clinical guidelines; consult a specialist if symptoms persist.,Unified Healthcare Clinical Database
MM_253,Neu-Migraine-Rx 1,Compound For Migraine Type 1,Active Agent 253,Neurological Management Agent,Tablet / Drop / Topical,"Migraine, Acute neurological discomfort, Related conditions",Follow clinical guidelines; consult a specialist if symptoms persist.,Unified Healthcare Clinical Database
MM_254,Neu-Migraine-Rx 2,Compound For Migraine Type 2,Active Agent 254,Neurological Management Agent,Tablet / Drop / Topical,"Migraine, Acute neurological discomfort, Related conditions",Follow clinical guidelines; consult a specialist if symptoms persist.,Unified Healthcare Clinical Database
MM_255,Neu-Migraine-Rx 3,Compound For Migraine Type 3,Active Agent 255,Neurological Management Agent,Tablet / Drop / Topical,"Migraine, Acute neurological discomfort, Related conditions",Follow clinical guidelines; consult a specialist if symptoms persist.,Unified Healthcare Clinical Database
MM_256,Neu-Migraine-Rx 4,Compound For Migraine Type 4,Active Agent 256,Neurological Management Agent,Tablet / Drop / Topical,"Migraine, Acute neurological discomfort, Related conditions",Follow clinical guidelines; consult a specialist if symptoms persist.,Unified Healthcare Clinical Database
MM_257,Neu-Migraine-Rx 5,Compound For Migraine Type 5,Active Agent 257,Neurological Management Agent,Tablet / Drop / Topical,"Migraine, Acute neurological discomfort, Related conditions",Follow clinical guidelines; consult a specialist if symptoms persist.,Unified Healthcare Clinical Database
MM_258,Neu-Migraine-Rx 6,Compound For Migraine Type 6,Active Agent 258,Neurological Management Agent,Tablet / Drop / Topical,"Migraine, Acute neurological discomfort, Related conditions",Follow clinical guidelines; consult a specialist if symptoms persist.,Unified Healthcare Clinical Database
MM_259,Neu-Migraine-Rx 7,Compound For Migraine Type 7,Active Agent 259,Neurological Management Agent,Tablet / Drop / Topical,"Migraine, Acute neurological discomfort, Related conditions",Follow clinical guidelines; consult a specialist if symptoms persist.,Unified Healthcare Clinical Database
MM_260,Neu-Anxiety-Rx 1,Compound For Anxiety Type 1,Active Agent 260,Neurological Management Agent,Tablet / Drop / Topical,"Anxiety, Acute neurological discomfort, Related conditions",Follow clinical guidelines; consult a specialist if symptoms persist.,Unified Healthcare Clinical Database
MM_261,Neu-Anxiety-Rx 2,Compound For Anxiety Type 2,Active Agent 261,Neurological Management Agent,Tablet / Drop / Topical,"Anxiety, Acute neurological discomfort, Related conditions",Follow clinical guidelines; consult a specialist if symptoms persist.,Unified Healthcare Clinical Database
MM_262,Neu-Anxiety-Rx 3,Compound For Anxiety Type 3,Active Agent 262,Neurological Management Agent,Tablet / Drop / Topical,"Anxiety, Acute neurological discomfort, Related conditions",Follow clinical guidelines; consult a specialist if symptoms persist.,Unified Healthcare Clinical Database
MM_263,Neu-Anxiety-Rx 4,Compound For Anxiety Type 4,Active Agent 263,Neurological Management Agent,Tablet / Drop / Topical,"Anxiety, Acute neurological discomfort, Related conditions",Follow clinical guidelines; consult a specialist if symptoms persist.,Unified Healthcare Clinical Database
MM_264,Neu-Anxiety-Rx 5,Compound For Anxiety Type 5,Active Agent 264,Neurological Management Agent,Tablet / Drop / Topical,"Anxiety, Acute neurological discomfort, Related conditions",Follow clinical guidelines; consult a specialist if symptoms persist.,Unified Healthcare Clinical Database
MM_265,Neu-Anxiety-Rx 6,Compound For Anxiety Type 6,Active Agent 265,Neurological Management Agent,Tablet / Drop / Topical,"Anxiety, Acute neurological discomfort, Related conditions",Follow clinical guidelines; consult a specialist if symptoms persist.,Unified Healthcare Clinical Database
MM_266,Neu-Anxiety-Rx 7,Compound For Anxiety Type 7,Active Agent 266,Neurological Management Agent,Tablet / Drop / Topical,"Anxiety, Acute neurological discomfort, Related conditions",Follow clinical guidelines; consult a specialist if symptoms persist.,Unified Healthcare Clinical Database
MM_267,Neu-Stress-Rx 1,Compound For Stress Type 1,Active Agent 267,Neurological Management Agent,Tablet / Drop / Topical,"Stress, Acute neurological discomfort, Related conditions",Follow clinical guidelines; consult a specialist if symptoms persist.,Unified Healthcare Clinical Database
MM_268,Neu-Stress-Rx 2,Compound For Stress Type 2,Active Agent 268,Neurological Management Agent,Tablet / Drop / Topical,"Stress, Acute neurological discomfort, Related conditions",Follow clinical guidelines; consult a specialist if symptoms persist.,Unified Healthcare Clinical Database
MM_269,Neu-Stress-Rx 3,Compound For Stress Type 3,Active Agent 269,Neurological Management Agent,Tablet / Drop / Topical,"Stress, Acute neurological discomfort, Related conditions",Follow clinical guidelines; consult a specialist if symptoms persist.,Unified Healthcare Clinical Database
MM_270,Neu-Stress-Rx 4,Compound For Stress Type 4,Active Agent 270,Neurological Management Agent,Tablet / Drop / Topical,"Stress, Acute neurological discomfort, Related conditions",Follow clinical guidelines; consult a specialist if symptoms persist.,Unified Healthcare Clinical Database
MM_271,Neu-Stress-Rx 5,Compound For Stress Type 5,Active Agent 271,Neurological Management Agent,Tablet / Drop / Topical,"Stress, Acute neurological discomfort, Related conditions",Follow clinical guidelines; consult a specialist if symptoms persist.,Unified Healthcare Clinical Database
MM_272,Neu-Stress-Rx 6,Compound For Stress Type 6,Active Agent 272,Neurological Management Agent,Tablet / Drop / Topical,"Stress, Acute neurological discomfort, Related conditions",Follow clinical guidelines; consult a specialist if symptoms persist.,Unified Healthcare Clinical Database
MM_273,Neu-Stress-Rx 7,Compound For Stress Type 7,Active Agent 273,Neurological Management Agent,Tablet / Drop / Topical,"Stress, Acute neurological discomfort, Related conditions",Follow clinical guidelines; consult a specialist if symptoms persist.,Unified Healthcare Clinical Database
MM_274,Neu-Insomnia-Rx 1,Compound For Insomnia Type 1,Active Agent 274,Neurological Management Agent,Tablet / Drop / Topical,"Insomnia, Acute neurological discomfort, Related conditions",Follow clinical guidelines; consult a specialist if symptoms persist.,Unified Healthcare Clinical Database
MM_275,Neu-Insomnia-Rx 2,Compound For Insomnia Type 2,Active Agent 275,Neurological Management Agent,Tablet / Drop / Topical,"Insomnia, Acute neurological discomfort, Related conditions",Follow clinical guidelines; consult a specialist if symptoms persist.,Unified Healthcare Clinical Database
MM_276,Neu-Insomnia-Rx 3,Compound For Insomnia Type 3,Active Agent 276,Neurological Management Agent,Tablet / Drop / Topical,"Insomnia, Acute neurological discomfort, Related conditions",Follow clinical guidelines; consult a specialist if symptoms persist.,Unified Healthcare Clinical Database
MM_277,Neu-Insomnia-Rx 4,Compound For Insomnia Type 4,Active Agent 277,Neurological Management Agent,Tablet / Drop / Topical,"Insomnia, Acute neurological discomfort, Related conditions",Follow clinical guidelines; consult a specialist if symptoms persist.,Unified Healthcare Clinical Database
MM_278,Neu-Insomnia-Rx 5,Compound For Insomnia Type 5,Active Agent 278,Neurological Management Agent,Tablet / Drop / Topical,"Insomnia, Acute neurological discomfort, Related conditions",Follow clinical guidelines; consult a specialist if symptoms persist.,Unified Healthcare Clinical Database
MM_279,Neu-Insomnia-Rx 6,Compound For Insomnia Type 6,Active Agent 279,Neurological Management Agent,Tablet / Drop / Topical,"Insomnia, Acute neurological discomfort, Related conditions",Follow clinical guidelines; consult a specialist if symptoms persist.,Unified Healthcare Clinical Database
MM_280,Neu-Insomnia-Rx 7,Compound For Insomnia Type 7,Active Agent 280,Neurological Management Agent,Tablet / Drop / Topical,"Insomnia, Acute neurological discomfort, Related conditions",Follow clinical guidelines; consult a specialist if symptoms persist.,Unified Healthcare Clinical Database
MM_281,Neu-Brain Fog-Rx 1,Compound For Brain Fog Type 1,Active Agent 281,Neurological Management Agent,Tablet / Drop / Topical,"Brain Fog, Acute neurological discomfort, Related conditions",Follow clinical guidelines; consult a specialist if symptoms persist.,Unified Healthcare Clinical Database
MM_282,Neu-Brain Fog-Rx 2,Compound For Brain Fog Type 2,Active Agent 282,Neurological Management Agent,Tablet / Drop / Topical,"Brain Fog, Acute neurological discomfort, Related conditions",Follow clinical guidelines; consult a specialist if symptoms persist.,Unified Healthcare Clinical Database
MM_283,Neu-Brain Fog-Rx 3,Compound For Brain Fog Type 3,Active Agent 283,Neurological Management Agent,Tablet / Drop / Topical,"Brain Fog, Acute neurological discomfort, Related conditions",Follow clinical guidelines; consult a specialist if symptoms persist.,Unified Healthcare Clinical Database
MM_284,Neu-Brain Fog-Rx 4,Compound For Brain Fog Type 4,Active Agent 284,Neurological Management Agent,Tablet / Drop / Topical,"Brain Fog, Acute neurological discomfort, Related conditions",Follow clinical guidelines; consult a specialist if symptoms persist.,Unified Healthcare Clinical Database
MM_285,Neu-Brain Fog-Rx 5,Compound For Brain Fog Type 5,Active Agent 285,Neurological Management Agent,Tablet / Drop / Topical,"Brain Fog, Acute neurological discomfort, Related conditions",Follow clinical guidelines; consult a specialist if symptoms persist.,Unified Healthcare Clinical Database
MM_286,Neu-Brain Fog-Rx 6,Compound For Brain Fog Type 6,Active Agent 286,Neurological Management Agent,Tablet / Drop / Topical,"Brain Fog, Acute neurological discomfort, Related conditions",Follow clinical guidelines; consult a specialist if symptoms persist.,Unified Healthcare Clinical Database
MM_287,Neu-Brain Fog-Rx 7,Compound For Brain Fog Type 7,Active Agent 287,Neurological Management Agent,Tablet / Drop / Topical,"Brain Fog, Acute neurological discomfort, Related conditions",Follow clinical guidelines; consult a specialist if symptoms persist.,Unified Healthcare Clinical Database
MM_288,Neu-Fatigue-Rx 1,Compound For Fatigue Type 1,Active Agent 288,Neurological Management Agent,Tablet / Drop / Topical,"Fatigue, Acute neurological discomfort, Related conditions",Follow clinical guidelines; consult a specialist if symptoms persist.,Unified Healthcare Clinical Database
MM_289,Neu-Fatigue-Rx 2,Compound For Fatigue Type 2,Active Agent 289,Neurological Management Agent,Tablet / Drop / Topical,"Fatigue, Acute neurological discomfort, Related conditions",Follow clinical guidelines; consult a specialist if symptoms persist.,Unified Healthcare Clinical Database
MM_290,Neu-Fatigue-Rx 3,Compound For Fatigue Type 3,Active Agent 290,Neurological Management Agent,Tablet / Drop / Topical,"Fatigue, Acute neurological discomfort, Related conditions",Follow clinical guidelines; consult a specialist if symptoms persist.,Unified Healthcare Clinical Database
MM_291,Neu-Fatigue-Rx 4,Compound For Fatigue Type 4,Active Agent 291,Neurological Management Agent,Tablet / Drop / Topical,"Fatigue, Acute neurological discomfort, Related conditions",Follow clinical guidelines; consult a specialist if symptoms persist.,Unified Healthcare Clinical Database
MM_292,Neu-Fatigue-Rx 5,Compound For Fatigue Type 5,Active Agent 292,Neurological Management Agent,Tablet / Drop / Topical,"Fatigue, Acute neurological discomfort, Related conditions",Follow clinical guidelines; consult a specialist if symptoms persist.,Unified Healthcare Clinical Database
MM_293,Neu-Fatigue-Rx 6,Compound For Fatigue Type 6,Active Agent 293,Neurological Management Agent,Tablet / Drop / Topical,"Fatigue, Acute neurological discomfort, Related conditions",Follow clinical guidelines; consult a specialist if symptoms persist.,Unified Healthcare Clinical Database
MM_294,Neu-Fatigue-Rx 7,Compound For Fatigue Type 7,Active Agent 294,Neurological Management Agent,Tablet / Drop / Topical,"Fatigue, Acute neurological discomfort, Related conditions",Follow clinical guidelines; consult a specialist if symptoms persist.,Unified Healthcare Clinical Database
MM_295,Neu-Memory Loss-Rx 1,Compound For Memory Loss Type 1,Active Agent 295,Neurological Management Agent,Tablet / Drop / Topical,"Memory Loss, Acute neurological discomfort, Related conditions",Follow clinical guidelines; consult a specialist if symptoms persist.,Unified Healthcare Clinical Database
MM_296,Neu-Memory Loss-Rx 2,Compound For Memory Loss Type 2,Active Agent 296,Neurological Management Agent,Tablet / Drop / Topical,"Memory Loss, Acute neurological discomfort, Related conditions",Follow clinical guidelines; consult a specialist if symptoms persist.,Unified Healthcare Clinical Database
MM_297,Neu-Memory Loss-Rx 3,Compound For Memory Loss Type 3,Active Agent 297,Neurological Management Agent,Tablet / Drop / Topical,"Memory Loss, Acute neurological discomfort, Related conditions",Follow clinical guidelines; consult a specialist if symptoms persist.,Unified Healthcare Clinical Database
MM_298,Neu-Memory Loss-Rx 4,Compound For Memory Loss Type 4,Active Agent 298,Neurological Management Agent,Tablet / Drop / Topical,"Memory Loss, Acute neurological discomfort, Related conditions",Follow clinical guidelines; consult a specialist if symptoms persist.,Unified Healthcare Clinical Database
MM_299,Neu-Memory Loss-Rx 5,Compound For Memory Loss Type 5,Active Agent 299,Neurological Management Agent,Tablet / Drop / Topical,"Memory Loss, Acute neurological discomfort, Related conditions",Follow clinical guidelines; consult a specialist if symptoms persist.,Unified Healthcare Clinical Database
MM_300,Neu-Memory Loss-Rx 6,Compound For Memory Loss Type 6,Active Agent 300,Neurological Management Agent,Tablet / Drop / Topical,"Memory Loss, Acute neurological discomfort, Related conditions",Follow clinical guidelines; consult a specialist if symptoms persist.,Unified Healthcare Clinical Database
MM_301,Neu-Memory Loss-Rx 7,Compound For Memory Loss Type 7,Active Agent 301,Neurological Management Agent,Tablet / Drop / Topical,"Memory Loss, Acute neurological discomfort, Related conditions",Follow clinical guidelines; consult a specialist if symptoms persist.,Unified Healthcare Clinical Database
MM_302,Neu-Mild Vertigo-Rx 1,Compound For Mild Vertigo Type 1,Active Agent 302,Neurological Management Agent,Tablet / Drop / Topical,"Mild Vertigo, Acute neurological discomfort, Related conditions",Follow clinical guidelines; consult a specialist if symptoms persist.,Unified Healthcare Clinical Database
MM_303,Neu-Mild Vertigo-Rx 2,Compound For Mild Vertigo Type 2,Active Agent 303,Neurological Management Agent,Tablet / Drop / Topical,"Mild Vertigo, Acute neurological discomfort, Related conditions",Follow clinical guidelines; consult a specialist if symptoms persist.,Unified Healthcare Clinical Database
MM_304,Neu-Mild Vertigo-Rx 3,Compound For Mild Vertigo Type 3,Active Agent 304,Neurological Management Agent,Tablet / Drop / Topical,"Mild Vertigo, Acute neurological discomfort, Related conditions",Follow clinical guidelines; consult a specialist if symptoms persist.,Unified Healthcare Clinical Database
MM_305,Neu-Mild Vertigo-Rx 4,Compound For Mild Vertigo Type 4,Active Agent 305,Neurological Management Agent,Tablet / Drop / Topical,"Mild Vertigo, Acute neurological discomfort, Related conditions",Follow clinical guidelines; consult a specialist if symptoms persist.,Unified Healthcare Clinical Database
MM_306,Neu-Mild Vertigo-Rx 5,Compound For Mild Vertigo Type 5,Active Agent 306,Neurological Management Agent,Tablet / Drop / Topical,"Mild Vertigo, Acute neurological discomfort, Related conditions",Follow clinical guidelines; consult a specialist if symptoms persist.,Unified Healthcare Clinical Database
MM_307,Neu-Mild Vertigo-Rx 6,Compound For Mild Vertigo Type 6,Active Agent 307,Neurological Management Agent,Tablet / Drop / Topical,"Mild Vertigo, Acute neurological discomfort, Related conditions",Follow clinical guidelines; consult a specialist if symptoms persist.,Unified Healthcare Clinical Database
MM_308,Neu-Mild Vertigo-Rx 7,Compound For Mild Vertigo Type 7,Active Agent 308,Neurological Management Agent,Tablet / Drop / Topical,"Mild Vertigo, Acute neurological discomfort, Related conditions",Follow clinical guidelines; consult a specialist if symptoms persist.,Unified Healthcare Clinical Database
MM_309,Mus-Joint Pain-Rx 1,Compound For Joint Pain Type 1,Active Agent 309,Musculoskeletal Management Agent,Tablet / Drop / Topical,"Joint Pain, Acute musculoskeletal discomfort, Related conditions",Follow clinical guidelines; consult a specialist if symptoms persist.,Unified Healthcare Clinical Database
MM_310,Mus-Joint Pain-Rx 2,Compound For Joint Pain Type 2,Active Agent 310,Musculoskeletal Management Agent,Tablet / Drop / Topical,"Joint Pain, Acute musculoskeletal discomfort, Related conditions",Follow clinical guidelines; consult a specialist if symptoms persist.,Unified Healthcare Clinical Database
MM_311,Mus-Joint Pain-Rx 3,Compound For Joint Pain Type 3,Active Agent 311,Musculoskeletal Management Agent,Tablet / Drop / Topical,"Joint Pain, Acute musculoskeletal discomfort, Related conditions",Follow clinical guidelines; consult a specialist if symptoms persist.,Unified Healthcare Clinical Database
MM_312,Mus-Joint Pain-Rx 4,Compound For Joint Pain Type 4,Active Agent 312,Musculoskeletal Management Agent,Tablet / Drop / Topical,"Joint Pain, Acute musculoskeletal discomfort, Related conditions",Follow clinical guidelines; consult a specialist if symptoms persist.,Unified Healthcare Clinical Database
MM_313,Mus-Joint Pain-Rx 5,Compound For Joint Pain Type 5,Active Agent 313,Musculoskeletal Management Agent,Tablet / Drop / Topical,"Joint Pain, Acute musculoskeletal discomfort, Related conditions",Follow clinical guidelines; consult a specialist if symptoms persist.,Unified Healthcare Clinical Database
MM_314,Mus-Joint Pain-Rx 6,Compound For Joint Pain Type 6,Active Agent 314,Musculoskeletal Management Agent,Tablet / Drop / Topical,"Joint Pain, Acute musculoskeletal discomfort, Related conditions",Follow clinical guidelines; consult a specialist if symptoms persist.,Unified Healthcare Clinical Database
MM_315,Mus-Joint Pain-Rx 7,Compound For Joint Pain Type 7,Active Agent 315,Musculoskeletal Management Agent,Tablet / Drop / Topical,"Joint Pain, Acute musculoskeletal discomfort, Related conditions",Follow clinical guidelines; consult a specialist if symptoms persist.,Unified Healthcare Clinical Database
MM_316,Mus-Muscle Soreness-Rx 1,Compound For Muscle Soreness Type 1,Active Agent 316,Musculoskeletal Management Agent,Tablet / Drop / Topical,"Muscle Soreness, Acute musculoskeletal discomfort, Related conditions",Follow clinical guidelines; consult a specialist if symptoms persist.,Unified Healthcare Clinical Database
MM_317,Mus-Muscle Soreness-Rx 2,Compound For Muscle Soreness Type 2,Active Agent 317,Musculoskeletal Management Agent,Tablet / Drop / Topical,"Muscle Soreness, Acute musculoskeletal discomfort, Related conditions",Follow clinical guidelines; consult a specialist if symptoms persist.,Unified Healthcare Clinical Database
MM_318,Mus-Muscle Soreness-Rx 3,Compound For Muscle Soreness Type 3,Active Agent 318,Musculoskeletal Management Agent,Tablet / Drop / Topical,"Muscle Soreness, Acute musculoskeletal discomfort, Related conditions",Follow clinical guidelines; consult a specialist if symptoms persist.,Unified Healthcare Clinical Database
MM_319,Mus-Muscle Soreness-Rx 4,Compound For Muscle Soreness Type 4,Active Agent 319,Musculoskeletal Management Agent,Tablet / Drop / Topical,"Muscle Soreness, Acute musculoskeletal discomfort, Related conditions",Follow clinical guidelines; consult a specialist if symptoms persist.,Unified Healthcare Clinical Database
MM_320,Mus-Muscle Soreness-Rx 5,Compound For Muscle Soreness Type 5,Active Agent 320,Musculoskeletal Management Agent,Tablet / Drop / Topical,"Muscle Soreness, Acute musculoskeletal discomfort, Related conditions",Follow clinical guidelines; consult a specialist if symptoms persist.,Unified Healthcare Clinical Database
MM_321,Mus-Muscle Soreness-Rx 6,Compound For Muscle Soreness Type 6,Active Agent 321,Musculoskeletal Management Agent,Tablet / Drop / Topical,"Muscle Soreness, Acute musculoskeletal discomfort, Related conditions",Follow clinical guidelines; consult a specialist if symptoms persist.,Unified Healthcare Clinical Database
MM_322,Mus-Muscle Soreness-Rx 7,Compound For Muscle Soreness Type 7,Active Agent 322,Musculoskeletal Management Agent,Tablet / Drop / Topical,"Muscle Soreness, Acute musculoskeletal discomfort, Related conditions",Follow clinical guidelines; consult a specialist if symptoms persist.,Unified Healthcare Clinical Database
MM_323,Mus-Arthritis Stiffness-Rx 1,Compound For Arthritis Stiffness Type 1,Active Agent 323,Musculoskeletal Management Agent,Tablet / Drop / Topical,"Arthritis Stiffness, Acute musculoskeletal discomfort, Related conditions",Follow clinical guidelines; consult a specialist if symptoms persist.,Unified Healthcare Clinical Database
MM_324,Mus-Arthritis Stiffness-Rx 2,Compound For Arthritis Stiffness Type 2,Active Agent 324,Musculoskeletal Management Agent,Tablet / Drop / Topical,"Arthritis Stiffness, Acute musculoskeletal discomfort, Related conditions",Follow clinical guidelines; consult a specialist if symptoms persist.,Unified Healthcare Clinical Database
MM_325,Mus-Arthritis Stiffness-Rx 3,Compound For Arthritis Stiffness Type 3,Active Agent 325,Musculoskeletal Management Agent,Tablet / Drop / Topical,"Arthritis Stiffness, Acute musculoskeletal discomfort, Related conditions",Follow clinical guidelines; consult a specialist if symptoms persist.,Unified Healthcare Clinical Database
MM_326,Mus-Arthritis Stiffness-Rx 4,Compound For Arthritis Stiffness Type 4,Active Agent 326,Musculoskeletal Management Agent,Tablet / Drop / Topical,"Arthritis Stiffness, Acute musculoskeletal discomfort, Related conditions",Follow clinical guidelines; consult a specialist if symptoms persist.,Unified Healthcare Clinical Database
MM_327,Mus-Arthritis Stiffness-Rx 5,Compound For Arthritis Stiffness Type 5,Active Agent 327,Musculoskeletal Management Agent,Tablet / Drop / Topical,"Arthritis Stiffness, Acute musculoskeletal discomfort, Related conditions",Follow clinical guidelines; consult a specialist if symptoms persist.,Unified Healthcare Clinical Database
MM_328,Mus-Arthritis Stiffness-Rx 6,Compound For Arthritis Stiffness Type 6,Active Agent 328,Musculoskeletal Management Agent,Tablet / Drop / Topical,"Arthritis Stiffness, Acute musculoskeletal discomfort, Related conditions",Follow clinical guidelines; consult a specialist if symptoms persist.,Unified Healthcare Clinical Database
MM_329,Mus-Arthritis Stiffness-Rx 7,Compound For Arthritis Stiffness Type 7,Active Agent 329,Musculoskeletal Management Agent,Tablet / Drop / Topical,"Arthritis Stiffness, Acute musculoskeletal discomfort, Related conditions",Follow clinical guidelines; consult a specialist if symptoms persist.,Unified Healthcare Clinical Database
MM_330,Mus-Back Pain-Rx 1,Compound For Back Pain Type 1,Active Agent 330,Musculoskeletal Management Agent,Tablet / Drop / Topical,"Back Pain, Acute musculoskeletal discomfort, Related conditions",Follow clinical guidelines; consult a specialist if symptoms persist.,Unified Healthcare Clinical Database
MM_331,Mus-Back Pain-Rx 2,Compound For Back Pain Type 2,Active Agent 331,Musculoskeletal Management Agent,Tablet / Drop / Topical,"Back Pain, Acute musculoskeletal discomfort, Related conditions",Follow clinical guidelines; consult a specialist if symptoms persist.,Unified Healthcare Clinical Database
MM_332,Mus-Back Pain-Rx 3,Compound For Back Pain Type 3,Active Agent 332,Musculoskeletal Management Agent,Tablet / Drop / Topical,"Back Pain, Acute musculoskeletal discomfort, Related conditions",Follow clinical guidelines; consult a specialist if symptoms persist.,Unified Healthcare Clinical Database
MM_333,Mus-Back Pain-Rx 4,Compound For Back Pain Type 4,Active Agent 333,Musculoskeletal Management Agent,Tablet / Drop / Topical,"Back Pain, Acute musculoskeletal discomfort, Related conditions",Follow clinical guidelines; consult a specialist if symptoms persist.,Unified Healthcare Clinical Database
MM_334,Mus-Back Pain-Rx 5,Compound For Back Pain Type 5,Active Agent 334,Musculoskeletal Management Agent,Tablet / Drop / Topical,"Back Pain, Acute musculoskeletal discomfort, Related conditions",Follow clinical guidelines; consult a specialist if symptoms persist.,Unified Healthcare Clinical Database
MM_335,Mus-Back Pain-Rx 6,Compound For Back Pain Type 6,Active Agent 335,Musculoskeletal Management Agent,Tablet / Drop / Topical,"Back Pain, Acute musculoskeletal discomfort, Related conditions",Follow clinical guidelines; consult a specialist if symptoms persist.,Unified Healthcare Clinical Database
MM_336,Mus-Back Pain-Rx 7,Compound For Back Pain Type 7,Active Agent 336,Musculoskeletal Management Agent,Tablet / Drop / Topical,"Back Pain, Acute musculoskeletal discomfort, Related conditions",Follow clinical guidelines; consult a specialist if symptoms persist.,Unified Healthcare Clinical Database
MM_337,Mus-Neck Pain-Rx 1,Compound For Neck Pain Type 1,Active Agent 337,Musculoskeletal Management Agent,Tablet / Drop / Topical,"Neck Pain, Acute musculoskeletal discomfort, Related conditions",Follow clinical guidelines; consult a specialist if symptoms persist.,Unified Healthcare Clinical Database
MM_338,Mus-Neck Pain-Rx 2,Compound For Neck Pain Type 2,Active Agent 338,Musculoskeletal Management Agent,Tablet / Drop / Topical,"Neck Pain, Acute musculoskeletal discomfort, Related conditions",Follow clinical guidelines; consult a specialist if symptoms persist.,Unified Healthcare Clinical Database
MM_339,Mus-Neck Pain-Rx 3,Compound For Neck Pain Type 3,Active Agent 339,Musculoskeletal Management Agent,Tablet / Drop / Topical,"Neck Pain, Acute musculoskeletal discomfort, Related conditions",Follow clinical guidelines; consult a specialist if symptoms persist.,Unified Healthcare Clinical Database
MM_340,Mus-Neck Pain-Rx 4,Compound For Neck Pain Type 4,Active Agent 340,Musculoskeletal Management Agent,Tablet / Drop / Topical,"Neck Pain, Acute musculoskeletal discomfort, Related conditions",Follow clinical guidelines; consult a specialist if symptoms persist.,Unified Healthcare Clinical Database
MM_341,Mus-Neck Pain-Rx 5,Compound For Neck Pain Type 5,Active Agent 341,Musculoskeletal Management Agent,Tablet / Drop / Topical,"Neck Pain, Acute musculoskeletal discomfort, Related conditions",Follow clinical guidelines; consult a specialist if symptoms persist.,Unified Healthcare Clinical Database
MM_342,Mus-Neck Pain-Rx 6,Compound For Neck Pain Type 6,Active Agent 342,Musculoskeletal Management Agent,Tablet / Drop / Topical,"Neck Pain, Acute musculoskeletal discomfort, Related conditions",Follow clinical guidelines; consult a specialist if symptoms persist.,Unified Healthcare Clinical Database
MM_343,Mus-Neck Pain-Rx 7,Compound For Neck Pain Type 7,Active Agent 343,Musculoskeletal Management Agent,Tablet / Drop / Topical,"Neck Pain, Acute musculoskeletal discomfort, Related conditions",Follow clinical guidelines; consult a specialist if symptoms persist.,Unified Healthcare Clinical Database
MM_344,Mus-Inflammation-Rx 1,Compound For Inflammation Type 1,Active Agent 344,Musculoskeletal Management Agent,Tablet / Drop / Topical,"Inflammation, Acute musculoskeletal discomfort, Related conditions",Follow clinical guidelines; consult a specialist if symptoms persist.,Unified Healthcare Clinical Database
MM_345,Mus-Inflammation-Rx 2,Compound For Inflammation Type 2,Active Agent 345,Musculoskeletal Management Agent,Tablet / Drop / Topical,"Inflammation, Acute musculoskeletal discomfort, Related conditions",Follow clinical guidelines; consult a specialist if symptoms persist.,Unified Healthcare Clinical Database
MM_346,Mus-Inflammation-Rx 3,Compound For Inflammation Type 3,Active Agent 346,Musculoskeletal Management Agent,Tablet / Drop / Topical,"Inflammation, Acute musculoskeletal discomfort, Related conditions",Follow clinical guidelines; consult a specialist if symptoms persist.,Unified Healthcare Clinical Database
MM_347,Mus-Inflammation-Rx 4,Compound For Inflammation Type 4,Active Agent 347,Musculoskeletal Management Agent,Tablet / Drop / Topical,"Inflammation, Acute musculoskeletal discomfort, Related conditions",Follow clinical guidelines; consult a specialist if symptoms persist.,Unified Healthcare Clinical Database
MM_348,Mus-Inflammation-Rx 5,Compound For Inflammation Type 5,Active Agent 348,Musculoskeletal Management Agent,Tablet / Drop / Topical,"Inflammation, Acute musculoskeletal discomfort, Related conditions",Follow clinical guidelines; consult a specialist if symptoms persist.,Unified Healthcare Clinical Database
MM_349,Mus-Inflammation-Rx 6,Compound For Inflammation Type 6,Active Agent 349,Musculoskeletal Management Agent,Tablet / Drop / Topical,"Inflammation, Acute musculoskeletal discomfort, Related conditions",Follow clinical guidelines; consult a specialist if symptoms persist.,Unified Healthcare Clinical Database
MM_350,Mus-Inflammation-Rx 7,Compound For Inflammation Type 7,Active Agent 350,Musculoskeletal Management Agent,Tablet / Drop / Topical,"Inflammation, Acute musculoskeletal discomfort, Related conditions",Follow clinical guidelines; consult a specialist if symptoms persist.,Unified Healthcare Clinical Database
MM_351,Mus-Sprains-Rx 1,Compound For Sprains Type 1,Active Agent 351,Musculoskeletal Management Agent,Tablet / Drop / Topical,"Sprains, Acute musculoskeletal discomfort, Related conditions",Follow clinical guidelines; consult a specialist if symptoms persist.,Unified Healthcare Clinical Database
MM_352,Mus-Sprains-Rx 2,Compound For Sprains Type 2,Active Agent 352,Musculoskeletal Management Agent,Tablet / Drop / Topical,"Sprains, Acute musculoskeletal discomfort, Related conditions",Follow clinical guidelines; consult a specialist if symptoms persist.,Unified Healthcare Clinical Database
MM_353,Mus-Sprains-Rx 3,Compound For Sprains Type 3,Active Agent 353,Musculoskeletal Management Agent,Tablet / Drop / Topical,"Sprains, Acute musculoskeletal discomfort, Related conditions",Follow clinical guidelines; consult a specialist if symptoms persist.,Unified Healthcare Clinical Database
MM_354,Mus-Sprains-Rx 4,Compound For Sprains Type 4,Active Agent 354,Musculoskeletal Management Agent,Tablet / Drop / Topical,"Sprains, Acute musculoskeletal discomfort, Related conditions",Follow clinical guidelines; consult a specialist if symptoms persist.,Unified Healthcare Clinical Database
MM_355,Mus-Sprains-Rx 5,Compound For Sprains Type 5,Active Agent 355,Musculoskeletal Management Agent,Tablet / Drop / Topical,"Sprains, Acute musculoskeletal discomfort, Related conditions",Follow clinical guidelines; consult a specialist if symptoms persist.,Unified Healthcare Clinical Database
MM_356,Mus-Sprains-Rx 6,Compound For Sprains Type 6,Active Agent 356,Musculoskeletal Management Agent,Tablet / Drop / Topical,"Sprains, Acute musculoskeletal discomfort, Related conditions",Follow clinical guidelines; consult a specialist if symptoms persist.,Unified Healthcare Clinical Database
MM_357,Mus-Sprains-Rx 7,Compound For Sprains Type 7,Active Agent 357,Musculoskeletal Management Agent,Tablet / Drop / Topical,"Sprains, Acute musculoskeletal discomfort, Related conditions",Follow clinical guidelines; consult a specialist if symptoms persist.,Unified Healthcare Clinical Database
MM_358,Mus-Muscle Spasms-Rx 1,Compound For Muscle Spasms Type 1,Active Agent 358,Musculoskeletal Management Agent,Tablet / Drop / Topical,"Muscle Spasms, Acute musculoskeletal discomfort, Related conditions",Follow clinical guidelines; consult a specialist if symptoms persist.,Unified Healthcare Clinical Database
MM_359,Mus-Muscle Spasms-Rx 2,Compound For Muscle Spasms Type 2,Active Agent 359,Musculoskeletal Management Agent,Tablet / Drop / Topical,"Muscle Spasms, Acute musculoskeletal discomfort, Related conditions",Follow clinical guidelines; consult a specialist if symptoms persist.,Unified Healthcare Clinical Database
MM_360,Mus-Muscle Spasms-Rx 3,Compound For Muscle Spasms Type 3,Active Agent 360,Musculoskeletal Management Agent,Tablet / Drop / Topical,"Muscle Spasms, Acute musculoskeletal discomfort, Related conditions",Follow clinical guidelines; consult a specialist if symptoms persist.,Unified Healthcare Clinical Database
MM_361,Mus-Muscle Spasms-Rx 4,Compound For Muscle Spasms Type 4,Active Agent 361,Musculoskeletal Management Agent,Tablet / Drop / Topical,"Muscle Spasms, Acute musculoskeletal discomfort, Related conditions",Follow clinical guidelines; consult a specialist if symptoms persist.,Unified Healthcare Clinical Database
MM_362,Mus-Muscle Spasms-Rx 5,Compound For Muscle Spasms Type 5,Active Agent 362,Musculoskeletal Management Agent,Tablet / Drop / Topical,"Muscle Spasms, Acute musculoskeletal discomfort, Related conditions",Follow clinical guidelines; consult a specialist if symptoms persist.,Unified Healthcare Clinical Database
MM_363,Mus-Muscle Spasms-Rx 6,Compound For Muscle Spasms Type 6,Active Agent 363,Musculoskeletal Management Agent,Tablet / Drop / Topical,"Muscle Spasms, Acute musculoskeletal discomfort, Related conditions",Follow clinical guidelines; consult a specialist if symptoms persist.,Unified Healthcare Clinical Database
MM_364,Mus-Muscle Spasms-Rx 7,Compound For Muscle Spasms Type 7,Active Agent 364,Musculoskeletal Management Agent,Tablet / Drop / Topical,"Muscle Spasms, Acute musculoskeletal discomfort, Related conditions",Follow clinical guidelines; consult a specialist if symptoms persist.,Unified Healthcare Clinical Database
MM_365,Der-Skin Itching-Rx 1,Compound For Skin Itching Type 1,Active Agent 365,Dermatological Management Agent,Tablet / Drop / Topical,"Skin Itching, Acute dermatological discomfort, Related conditions",Follow clinical guidelines; consult a specialist if symptoms persist.,Unified Healthcare Clinical Database
MM_366,Der-Skin Itching-Rx 2,Compound For Skin Itching Type 2,Active Agent 366,Dermatological Management Agent,Tablet / Drop / Topical,"Skin Itching, Acute dermatological discomfort, Related conditions",Follow clinical guidelines; consult a specialist if symptoms persist.,Unified Healthcare Clinical Database
MM_367,Der-Skin Itching-Rx 3,Compound For Skin Itching Type 3,Active Agent 367,Dermatological Management Agent,Tablet / Drop / Topical,"Skin Itching, Acute dermatological discomfort, Related conditions",Follow clinical guidelines; consult a specialist if symptoms persist.,Unified Healthcare Clinical Database
MM_368,Der-Skin Itching-Rx 4,Compound For Skin Itching Type 4,Active Agent 368,Dermatological Management Agent,Tablet / Drop / Topical,"Skin Itching, Acute dermatological discomfort, Related conditions",Follow clinical guidelines; consult a specialist if symptoms persist.,Unified Healthcare Clinical Database
MM_369,Der-Skin Itching-Rx 5,Compound For Skin Itching Type 5,Active Agent 369,Dermatological Management Agent,Tablet / Drop / Topical,"Skin Itching, Acute dermatological discomfort, Related conditions",Follow clinical guidelines; consult a specialist if symptoms persist.,Unified Healthcare Clinical Database
MM_370,Der-Skin Itching-Rx 6,Compound For Skin Itching Type 6,Active Agent 370,Dermatological Management Agent,Tablet / Drop / Topical,"Skin Itching, Acute dermatological discomfort, Related conditions",Follow clinical guidelines; consult a specialist if symptoms persist.,Unified Healthcare Clinical Database
MM_371,Der-Skin Itching-Rx 7,Compound For Skin Itching Type 7,Active Agent 371,Dermatological Management Agent,Tablet / Drop / Topical,"Skin Itching, Acute dermatological discomfort, Related conditions",Follow clinical guidelines; consult a specialist if symptoms persist.,Unified Healthcare Clinical Database
MM_372,Der-Acne-Rx 1,Compound For Acne Type 1,Active Agent 372,Dermatological Management Agent,Tablet / Drop / Topical,"Acne, Acute dermatological discomfort, Related conditions",Follow clinical guidelines; consult a specialist if symptoms persist.,Unified Healthcare Clinical Database
MM_373,Der-Acne-Rx 2,Compound For Acne Type 2,Active Agent 373,Dermatological Management Agent,Tablet / Drop / Topical,"Acne, Acute dermatological discomfort, Related conditions",Follow clinical guidelines; consult a specialist if symptoms persist.,Unified Healthcare Clinical Database
MM_374,Der-Acne-Rx 3,Compound For Acne Type 3,Active Agent 374,Dermatological Management Agent,Tablet / Drop / Topical,"Acne, Acute dermatological discomfort, Related conditions",Follow clinical guidelines; consult a specialist if symptoms persist.,Unified Healthcare Clinical Database
MM_375,Der-Acne-Rx 4,Compound For Acne Type 4,Active Agent 375,Dermatological Management Agent,Tablet / Drop / Topical,"Acne, Acute dermatological discomfort, Related conditions",Follow clinical guidelines; consult a specialist if symptoms persist.,Unified Healthcare Clinical Database
MM_376,Der-Acne-Rx 5,Compound For Acne Type 5,Active Agent 376,Dermatological Management Agent,Tablet / Drop / Topical,"Acne, Acute dermatological discomfort, Related conditions",Follow clinical guidelines; consult a specialist if symptoms persist.,Unified Healthcare Clinical Database
MM_377,Der-Acne-Rx 6,Compound For Acne Type 6,Active Agent 377,Dermatological Management Agent,Tablet / Drop / Topical,"Acne, Acute dermatological discomfort, Related conditions",Follow clinical guidelines; consult a specialist if symptoms persist.,Unified Healthcare Clinical Database
MM_378,Der-Acne-Rx 7,Compound For Acne Type 7,Active Agent 378,Dermatological Management Agent,Tablet / Drop / Topical,"Acne, Acute dermatological discomfort, Related conditions",Follow clinical guidelines; consult a specialist if symptoms persist.,Unified Healthcare Clinical Database
MM_379,Der-Eczema Flare-Rx 1,Compound For Eczema Flare Type 1,Active Agent 379,Dermatological Management Agent,Tablet / Drop / Topical,"Eczema Flare, Acute dermatological discomfort, Related conditions",Follow clinical guidelines; consult a specialist if symptoms persist.,Unified Healthcare Clinical Database
MM_380,Der-Eczema Flare-Rx 2,Compound For Eczema Flare Type 2,Active Agent 380,Dermatological Management Agent,Tablet / Drop / Topical,"Eczema Flare, Acute dermatological discomfort, Related conditions",Follow clinical guidelines; consult a specialist if symptoms persist.,Unified Healthcare Clinical Database
MM_381,Der-Eczema Flare-Rx 3,Compound For Eczema Flare Type 3,Active Agent 381,Dermatological Management Agent,Tablet / Drop / Topical,"Eczema Flare, Acute dermatological discomfort, Related conditions",Follow clinical guidelines; consult a specialist if symptoms persist.,Unified Healthcare Clinical Database
MM_382,Der-Eczema Flare-Rx 4,Compound For Eczema Flare Type 4,Active Agent 382,Dermatological Management Agent,Tablet / Drop / Topical,"Eczema Flare, Acute dermatological discomfort, Related conditions",Follow clinical guidelines; consult a specialist if symptoms persist.,Unified Healthcare Clinical Database
MM_383,Der-Eczema Flare-Rx 5,Compound For Eczema Flare Type 5,Active Agent 383,Dermatological Management Agent,Tablet / Drop / Topical,"Eczema Flare, Acute dermatological discomfort, Related conditions",Follow clinical guidelines; consult a specialist if symptoms persist.,Unified Healthcare Clinical Database
MM_384,Der-Eczema Flare-Rx 6,Compound For Eczema Flare Type 6,Active Agent 384,Dermatological Management Agent,Tablet / Drop / Topical,"Eczema Flare, Acute dermatological discomfort, Related conditions",Follow clinical guidelines; consult a specialist if symptoms persist.,Unified Healthcare Clinical Database
MM_385,Der-Eczema Flare-Rx 7,Compound For Eczema Flare Type 7,Active Agent 385,Dermatological Management Agent,Tablet / Drop / Topical,"Eczema Flare, Acute dermatological discomfort, Related conditions",Follow clinical guidelines; consult a specialist if symptoms persist.,Unified Healthcare Clinical Database
MM_386,Der-Dry Skin-Rx 1,Compound For Dry Skin Type 1,Active Agent 386,Dermatological Management Agent,Tablet / Drop / Topical,"Dry Skin, Acute dermatological discomfort, Related conditions",Follow clinical guidelines; consult a specialist if symptoms persist.,Unified Healthcare Clinical Database
MM_387,Der-Dry Skin-Rx 2,Compound For Dry Skin Type 2,Active Agent 387,Dermatological Management Agent,Tablet / Drop / Topical,"Dry Skin, Acute dermatological discomfort, Related conditions",Follow clinical guidelines; consult a specialist if symptoms persist.,Unified Healthcare Clinical Database
MM_388,Der-Dry Skin-Rx 3,Compound For Dry Skin Type 3,Active Agent 388,Dermatological Management Agent,Tablet / Drop / Topical,"Dry Skin, Acute dermatological discomfort, Related conditions",Follow clinical guidelines; consult a specialist if symptoms persist.,Unified Healthcare Clinical Database
MM_389,Der-Dry Skin-Rx 4,Compound For Dry Skin Type 4,Active Agent 389,Dermatological Management Agent,Tablet / Drop / Topical,"Dry Skin, Acute dermatological discomfort, Related conditions",Follow clinical guidelines; consult a specialist if symptoms persist.,Unified Healthcare Clinical Database
MM_390,Der-Dry Skin-Rx 5,Compound For Dry Skin Type 5,Active Agent 390,Dermatological Management Agent,Tablet / Drop / Topical,"Dry Skin, Acute dermatological discomfort, Related conditions",Follow clinical guidelines; consult a specialist if symptoms persist.,Unified Healthcare Clinical Database
MM_391,Der-Dry Skin-Rx 6,Compound For Dry Skin Type 6,Active Agent 391,Dermatological Management Agent,Tablet / Drop / Topical,"Dry Skin, Acute dermatological discomfort, Related conditions",Follow clinical guidelines; consult a specialist if symptoms persist.,Unified Healthcare Clinical Database
MM_392,Der-Dry Skin-Rx 7,Compound For Dry Skin Type 7,Active Agent 392,Dermatological Management Agent,Tablet / Drop / Topical,"Dry Skin, Acute dermatological discomfort, Related conditions",Follow clinical guidelines; consult a specialist if symptoms persist.,Unified Healthcare Clinical Database
MM_393,Der-Wounds-Rx 1,Compound For Wounds Type 1,Active Agent 393,Dermatological Management Agent,Tablet / Drop / Topical,"Wounds, Acute dermatological discomfort, Related conditions",Follow clinical guidelines; consult a specialist if symptoms persist.,Unified Healthcare Clinical Database
MM_394,Der-Wounds-Rx 2,Compound For Wounds Type 2,Active Agent 394,Dermatological Management Agent,Tablet / Drop / Topical,"Wounds, Acute dermatological discomfort, Related conditions",Follow clinical guidelines; consult a specialist if symptoms persist.,Unified Healthcare Clinical Database
MM_395,Der-Wounds-Rx 3,Compound For Wounds Type 3,Active Agent 395,Dermatological Management Agent,Tablet / Drop / Topical,"Wounds, Acute dermatological discomfort, Related conditions",Follow clinical guidelines; consult a specialist if symptoms persist.,Unified Healthcare Clinical Database
MM_396,Der-Wounds-Rx 4,Compound For Wounds Type 4,Active Agent 396,Dermatological Management Agent,Tablet / Drop / Topical,"Wounds, Acute dermatological discomfort, Related conditions",Follow clinical guidelines; consult a specialist if symptoms persist.,Unified Healthcare Clinical Database
MM_397,Der-Wounds-Rx 5,Compound For Wounds Type 5,Active Agent 397,Dermatological Management Agent,Tablet / Drop / Topical,"Wounds, Acute dermatological discomfort, Related conditions",Follow clinical guidelines; consult a specialist if symptoms persist.,Unified Healthcare Clinical Database
MM_398,Der-Wounds-Rx 6,Compound For Wounds Type 6,Active Agent 398,Dermatological Management Agent,Tablet / Drop / Topical,"Wounds, Acute dermatological discomfort, Related conditions",Follow clinical guidelines; consult a specialist if symptoms persist.,Unified Healthcare Clinical Database
MM_399,Der-Wounds-Rx 7,Compound For Wounds Type 7,Active Agent 399,Dermatological Management Agent,Tablet / Drop / Topical,"Wounds, Acute dermatological discomfort, Related conditions",Follow clinical guidelines; consult a specialist if symptoms persist.,Unified Healthcare Clinical Database
MM_400,Der-Rashes-Rx 1,Compound For Rashes Type 1,Active Agent 400,Dermatological Management Agent,Tablet / Drop / Topical,"Rashes, Acute dermatological discomfort, Related conditions",Follow clinical guidelines; consult a specialist if symptoms persist.,Unified Healthcare Clinical Database
MM_401,Der-Rashes-Rx 2,Compound For Rashes Type 2,Active Agent 401,Dermatological Management Agent,Tablet / Drop / Topical,"Rashes, Acute dermatological discomfort, Related conditions",Follow clinical guidelines; consult a specialist if symptoms persist.,Unified Healthcare Clinical Database
MM_402,Der-Rashes-Rx 3,Compound For Rashes Type 3,Active Agent 402,Dermatological Management Agent,Tablet / Drop / Topical,"Rashes, Acute dermatological discomfort, Related conditions",Follow clinical guidelines; consult a specialist if symptoms persist.,Unified Healthcare Clinical Database
MM_403,Der-Rashes-Rx 4,Compound For Rashes Type 4,Active Agent 403,Dermatological Management Agent,Tablet / Drop / Topical,"Rashes, Acute dermatological discomfort, Related conditions",Follow clinical guidelines; consult a specialist if symptoms persist.,Unified Healthcare Clinical Database
MM_404,Der-Rashes-Rx 5,Compound For Rashes Type 5,Active Agent 404,Dermatological Management Agent,Tablet / Drop / Topical,"Rashes, Acute dermatological discomfort, Related conditions",Follow clinical guidelines; consult a specialist if symptoms persist.,Unified Healthcare Clinical Database
MM_405,Der-Rashes-Rx 6,Compound For Rashes Type 6,Active Agent 405,Dermatological Management Agent,Tablet / Drop / Topical,"Rashes, Acute dermatological discomfort, Related conditions",Follow clinical guidelines; consult a specialist if symptoms persist.,Unified Healthcare Clinical Database
MM_406,Der-Rashes-Rx 7,Compound For Rashes Type 7,Active Agent 406,Dermatological Management Agent,Tablet / Drop / Topical,"Rashes, Acute dermatological discomfort, Related conditions",Follow clinical guidelines; consult a specialist if symptoms persist.,Unified Healthcare Clinical Database
MM_407,Der-Hives-Rx 1,Compound For Hives Type 1,Active Agent 407,Dermatological Management Agent,Tablet / Drop / Topical,"Hives, Acute dermatological discomfort, Related conditions",Follow clinical guidelines; consult a specialist if symptoms persist.,Unified Healthcare Clinical Database
MM_408,Der-Hives-Rx 2,Compound For Hives Type 2,Active Agent 408,Dermatological Management Agent,Tablet / Drop / Topical,"Hives, Acute dermatological discomfort, Related conditions",Follow clinical guidelines; consult a specialist if symptoms persist.,Unified Healthcare Clinical Database
MM_409,Der-Hives-Rx 3,Compound For Hives Type 3,Active Agent 409,Dermatological Management Agent,Tablet / Drop / Topical,"Hives, Acute dermatological discomfort, Related conditions",Follow clinical guidelines; consult a specialist if symptoms persist.,Unified Healthcare Clinical Database
MM_410,Der-Hives-Rx 4,Compound For Hives Type 4,Active Agent 410,Dermatological Management Agent,Tablet / Drop / Topical,"Hives, Acute dermatological discomfort, Related conditions",Follow clinical guidelines; consult a specialist if symptoms persist.,Unified Healthcare Clinical Database
MM_411,Der-Hives-Rx 5,Compound For Hives Type 5,Active Agent 411,Dermatological Management Agent,Tablet / Drop / Topical,"Hives, Acute dermatological discomfort, Related conditions",Follow clinical guidelines; consult a specialist if symptoms persist.,Unified Healthcare Clinical Database
MM_412,Der-Hives-Rx 6,Compound For Hives Type 6,Active Agent 412,Dermatological Management Agent,Tablet / Drop / Topical,"Hives, Acute dermatological discomfort, Related conditions",Follow clinical guidelines; consult a specialist if symptoms persist.,Unified Healthcare Clinical Database
MM_413,Der-Hives-Rx 7,Compound For Hives Type 7,Active Agent 413,Dermatological Management Agent,Tablet / Drop / Topical,"Hives, Acute dermatological discomfort, Related conditions",Follow clinical guidelines; consult a specialist if symptoms persist.,Unified Healthcare Clinical Database
MM_414,Der-Minor Cuts-Rx 1,Compound For Minor Cuts Type 1,Active Agent 414,Dermatological Management Agent,Tablet / Drop / Topical,"Minor Cuts, Acute dermatological discomfort, Related conditions",Follow clinical guidelines; consult a specialist if symptoms persist.,Unified Healthcare Clinical Database
MM_415,Der-Minor Cuts-Rx 2,Compound For Minor Cuts Type 2,Active Agent 415,Dermatological Management Agent,Tablet / Drop / Topical,"Minor Cuts, Acute dermatological discomfort, Related conditions",Follow clinical guidelines; consult a specialist if symptoms persist.,Unified Healthcare Clinical Database
MM_416,Der-Minor Cuts-Rx 3,Compound For Minor Cuts Type 3,Active Agent 416,Dermatological Management Agent,Tablet / Drop / Topical,"Minor Cuts, Acute dermatological discomfort, Related conditions",Follow clinical guidelines; consult a specialist if symptoms persist.,Unified Healthcare Clinical Database
MM_417,Der-Minor Cuts-Rx 4,Compound For Minor Cuts Type 4,Active Agent 417,Dermatological Management Agent,Tablet / Drop / Topical,"Minor Cuts, Acute dermatological discomfort, Related conditions",Follow clinical guidelines; consult a specialist if symptoms persist.,Unified Healthcare Clinical Database
MM_418,Der-Minor Cuts-Rx 5,Compound For Minor Cuts Type 5,Active Agent 418,Dermatological Management Agent,Tablet / Drop / Topical,"Minor Cuts, Acute dermatological discomfort, Related conditions",Follow clinical guidelines; consult a specialist if symptoms persist.,Unified Healthcare Clinical Database
MM_419,Der-Minor Cuts-Rx 6,Compound For Minor Cuts Type 6,Active Agent 419,Dermatological Management Agent,Tablet / Drop / Topical,"Minor Cuts, Acute dermatological discomfort, Related conditions",Follow clinical guidelines; consult a specialist if symptoms persist.,Unified Healthcare Clinical Database
MM_420,Der-Minor Cuts-Rx 7,Compound For Minor Cuts Type 7,Active Agent 420,Dermatological Management Agent,Tablet / Drop / Topical,"Minor Cuts, Acute dermatological discomfort, Related conditions",Follow clinical guidelines; consult a specialist if symptoms persist.,Unified Healthcare Clinical Database
MM_421,Der-Boils-Rx 1,Compound For Boils Type 1,Active Agent 421,Dermatological Management Agent,Tablet / Drop / Topical,"Boils, Acute dermatological discomfort, Related conditions",Follow clinical guidelines; consult a specialist if symptoms persist.,Unified Healthcare Clinical Database
MM_422,Der-Boils-Rx 2,Compound For Boils Type 2,Active Agent 422,Dermatological Management Agent,Tablet / Drop / Topical,"Boils, Acute dermatological discomfort, Related conditions",Follow clinical guidelines; consult a specialist if symptoms persist.,Unified Healthcare Clinical Database
MM_423,Der-Boils-Rx 3,Compound For Boils Type 3,Active Agent 423,Dermatological Management Agent,Tablet / Drop / Topical,"Boils, Acute dermatological discomfort, Related conditions",Follow clinical guidelines; consult a specialist if symptoms persist.,Unified Healthcare Clinical Database
MM_424,Der-Boils-Rx 4,Compound For Boils Type 4,Active Agent 424,Dermatological Management Agent,Tablet / Drop / Topical,"Boils, Acute dermatological discomfort, Related conditions",Follow clinical guidelines; consult a specialist if symptoms persist.,Unified Healthcare Clinical Database
MM_425,Der-Boils-Rx 5,Compound For Boils Type 5,Active Agent 425,Dermatological Management Agent,Tablet / Drop / Topical,"Boils, Acute dermatological discomfort, Related conditions",Follow clinical guidelines; consult a specialist if symptoms persist.,Unified Healthcare Clinical Database
MM_426,Der-Boils-Rx 6,Compound For Boils Type 6,Active Agent 426,Dermatological Management Agent,Tablet / Drop / Topical,"Boils, Acute dermatological discomfort, Related conditions",Follow clinical guidelines; consult a specialist if symptoms persist.,Unified Healthcare Clinical Database
MM_427,Der-Boils-Rx 7,Compound For Boils Type 7,Active Agent 427,Dermatological Management Agent,Tablet / Drop / Topical,"Boils, Acute dermatological discomfort, Related conditions",Follow clinical guidelines; consult a specialist if symptoms persist.,Unified Healthcare Clinical Database
